3GVxUc7T4ppcnjbXdHxAFcLLLETNd2BowL,2.8639669
3P9gnvwjnDBUTeP4BmVwRLQNPhFzMFH3iY,6
3C68PmGUTr1kx2S5q459y2Fvj9BKR6dHM9,0.25
1ADee9A1gFMqBu4hHEdhnuo2sms65y4tzR,0.02755087
32MUY1RahgZ7VTFY1DR6i88HKvdCougkbQ,0.01
12t9YDPgwueZ9NyMgw519p7AA8isjr6SMw,0.093
3P9gnvwjnDBUTeP4BmVwRLQNPhFzMFH3iY,6.22110461
1KjCUxrGn5wLpEVwBqf7nvtypz9kyJA3Gf,0.00586763
1Azmk92kt5xyKL8o9wWWDky6j1LF6pqLZS,2.79097503
37mKLaMvfHLHzMkQkjUFr52oGFSj1puMvk,0.00191374
3ACb79Fiii8L8PenySuqF2zG6C6bX54bN3,0.01286
1Pxfzgn3PQDpt4QxEGZt19PBMto4m28L3N,0.002238
123gimE7zKFjyt7ee2HynHQATygnZo1U2C,0.08046439
1HXZcu5KoF8iwzcgdm32g11wLbbtgbgw7K,0.003
1FKC7QZkgKKct6gLciNJNRyGhmTUzNmjT4,0.1
12t9YDPgwueZ9NyMgw519p7AA8isjr6SMw,0.00013005
bc1qyxzvah5f4um5nzylvdmrgq9h0ymgykvw55as35,5.999E-05
bc1q09nxn0anuahrx52qt46ff4ker5xuzpjrsp04fw,0.00574723
12t9YDPgwueZ9NyMgw519p7AA8isjr6SMw,0.0459
1Bxq5C9ooxpZKRHwDDpWg4pXPSm5mpGRN7,0.0005
1GC8nK1QGSggWwjWt6x9YJF8EKthQ5NknG,0.0021
3No2XQ74aTbWJK7mRWhi6DzVPmh2wJtng1,0.00021038
1JzM3whit5G1JEyB6jr6VJ7kJr7tj96wjX,0.0003
12t9YDPgwueZ9NyMgw519p7AA8isjr6SMw,0.00143988
36cc79Yfeuo3nKZdUmDxnwYDRxgtFmkKBh,0.0005
39f3Se4Emser4NdqDriNbUjAUU7Cjg2kns,0.00178
1L7LVsAfwtZ5oUn8HeqjiaWmXriPa7na5b,0.0039
12t9YDPgwueZ9NyMgw519p7AA8isjr6SMw,1E-05
31nXXkWFrz8maarLaQDfEMr2dnoLVMe9kA,0.00013829
12t9YDPgwueZ9NyMgw519p7AA8isjr6SMw,0.02386744
12t9YDPgwueZ9NyMgw519p7AA8isjr6SMw,0.0572866
bc1q95a2er5c2uz0gtw7vsusj2vqqszt465udrm77l,2.10699991
12t9YDPgwueZ9NyMgw519p7AA8isjr6SMw,0.03632814
2t9YDPgwueZ9NyMgw519p7AA8isjr6SMw,0.02775823
37QDCmWTcZVcehTZ54itcomU4fJgfejsRZ,0.10707753
153V9ixEc2JzdJXd1nNFkUpFxpEdufRVUj,0.05948135
15ZSRqYTw7P7WChWu2eWLknrVN1r2E1Ldw,0.007
1BLsw8YEVGWNydQ83ZpSzBvjya31kfNuzT,0.0095
3AcNoVWKT2VQwmma5zUqePgwzudJDEyUqG,0.0002
1gups6sRrNFJiofEMzQftxFTUzF1Jz3ZL,0.00232236
1ELHB8yF6AUb73HEPtykyDsyDCGXW7d73P,0.00113
1M6V5zK3L2gp7etYxTm5LP6ifJHhihvH8o,0.0207
1EqPKrfK693JQDQvRqyX1Ej181Ue2cJbng,0.01060176
1Ka9WdyHwhdJsumDq1GxwWHo1HsvUESPjD,0.00139502
12SiFzPB7h52eL9CR6xgzBads95NPiRjTG,0.00232504
17dwCEsu6DHddiM81SgsDHhSBDJFX1FF2d,0.07233
147QLXLtpUtHVLjgXmcYP7S4GDMpNdysTN,0.02325035
1PmXZ8gj8nRgs3i6W2w8gjpCosmtS65gas,0.12692
1JzGV4t26jwtfFCUf5BMHTAbSJrhVCAnhm,0.01416827
1BAykfePDQi9FZTXCzHAv66toPaWRKuQBm,0.00232504
1Hq73ax2AwZstHLdAJQzarWpanEyYjko2P,0.00465111
1Ka3rXnTYEpPpGagwaQQPHkxQb5Xnj944Z,0.00442674
1Baf5kNFYfoXkCvbYLiKfm1HxQJKTv7WSa,0.00974501
132GuTbmkA8ukQg7UNcUQbDiKP6uYxGZm9,0.00371161
1Pyy5xq9JfWpzDQxA5DRUdZ5k2VJURT5xw,0.71826726
1G3cmMTJ82UQXfRGaHLawYsAv7sNPYz1tF,0.10938302
1K6n4eeYKL5RJB9V8F6Wm6GKTN2xnsjb1z,0.00363917
36TR3xkFaL3eq4WKoCbxczB27u7mbYw6Je,0.01509532
1Fzq48rbAhMMC3brh7yJf7QBwiTQbhW7uf,0.0200593
1Joc4cQpqGmr4xxN11sSwN93gibjcj2PX6,0.00999988
13pbnEaUXugQs71fDdH7Rd4PZgsbB6LPYw,0.00162752
1mjPbBEsEtY2QgBRx6NQxHUtwCbTSfvQd,0.00220076
1JzTrKqohR5xRXqYvpLnBWHBNGQxSNYEko,0.01277296
13KRqPps7jpq7McULcUyXmbp34wGYdyYhS,0.4007
1S4m1JkeQddJmQZtxgknSgv4qx7cisiAh,0.36441476
194a79Stjfr8jc4ygSqEEUqYbGvjoYfKSE,0.09477332
1PhKstLqHGeEsmKddGqRVNnTWb8AvFNvSP,0.01511376
1ApKZsBNaHs9vhcpQRFisufEeLJhkEU1H,0.1714
16gH8fxCzeGvu1EGujNoj7EkzEuvkUGRad,0.00580153
1MuPZRA46fd73EA4U39snDSVc7N5cPC1ND,0.049
1N7nSyxZHRm77xXy8HjyjsdAWhjgF2W26e,0.02216559
1B7gx8eo3CwhR9RnLQyLV2e4TjS67ZEAXJ,0.08520602
18t4u8D99CEg6BBKVmkctru4VPUAArvn4D,0.008
12kyXUAAoN1K8s8YW3Zt39JrMEZnzxyVZM,0.0259231
1F4dBH5PLKMh2RTdXq9USuJF5uiiCdgDYU,0.01718544
38EK4xSHYYuF8BU6MD3gM7gNdDT3zJHJqF,0.01564525
3BWfxRr2xWWLuGbBFb55uXLD36tVqpfeEx,1
1KPhAsgZQFpuUYBHYBcVkfY9DaSNcnfCHt,1.0596
1HyWQxq4HjAB4q1FwWG73QdK1p6gSe87SR,0.114
14TFdwNaQ3DxtsukqY8rrY4cQ97H8oiAKF,0.01694467
1Mu1HwdVPWv23ZZ4KasFj1ZwVVKKDbt588,0.003776
1LAZygnhMPe75PQizZ2UmPb34uYqvQtqaw,0.558
17zfNrCEDy7wP2u96XtPaGcXbvtpnMjihh,0.00681225
1NT4YpxTVY9Rk2EKSxkxJMCNjipU1FphH9,0.00964
1NUtTdyDxT12vDH5oQKemwn8PV9C3Jo26o,0.00117784
13qFmSRRXGU9zeBZkxtoqz3HLcc4gciM4x,0.08277938
18Fc8922Rd2aNRfct4yXMzMujhvqSBVrie,0.02034178
1747Khj5x7JJTgEQpbv7eXipwHkoMMjEvt,0.05215291
1Bchm9wHf2dxWgTaWfdJqBEZXLYz4SGDgm,0.01160305
16o2RpEPTABEq7Roya9sMpQue75gxpj5dX,0.00709421
12RA4RUzvxz7FCQy7Crorx7rWMr14rfApJ,0.04004996
19bwxkvgrzDGRXg5YaU3DQ7AQDDRU83ts,0.0051
3J17Ysr9fCcwPFzwXRXFbWLBcH6dTtwu5Q,0.7
12t9YDPgwueZ9NyMgw519p7AA8isjr6SMw,0.00116252
1H7CKPKzLQiDuKVprr9nyLs54WwhAWUW7G,0.00465007
12sGq7idqhwdL2YAy8edABCsRTwWauMA75,0.103015
1K5J1uJwGkUtAakoa4FdpSzphmLdjJWiyA,0.01627888
1LwXvT1B2kULKbbgwWMQXdwnwWkVhqanWD,0.02148853
3K2XnYk4tfpgV5wP8SihpU8JxPNwf99QF7,0.0414
1PRDeehtmAkNqYWdQ6CRdMkVbL9w58vnjY,0.00390244
1EvuXxxiNNAN7ZBawUhm3ssB7E5kSjzw1J,0.03942183
1N1RuJH7wmWEzCYonzz28daBPCNiA3yRqc,0.00232236
17C66odo2XU8FWFd1cGYdsimvBsJYttbdq,0.36429557
1DUFwn3qeTE41s7nCGNBzit7Cqhpu7F4jW,0.0159
19v2R13iwkhx8D9YQUP9XypMa6Eh9rn7QW,0.05392452
1JEHku2kugFfVvJKLQPKaKhYzdBnALofih,0.00035
1U5yg6T9ZyK9Ab7L6BXhKo6MdzBME5azw,0.03396136
1BVbT9ryDYeC7mWaA4PsfZEaDnukkybu1q,0.01708269
14KHeBEMKLy5KsJ7DB9V3TckqY4TqZh4ND,0.08
1ZtCTvDv28ZjmPK5moHDnTYN177ghGjFB,0.03
1Gn9cvDGT3t5fqp3q1HJzkr5tKbNLwdiMA,0.01304381
1FE61uUsCNPCKBzUVdYrE2BZcymiGuNwmS,0.01461958
1KDJkKvUzf2PRjMJsYZgMoLSeb3epm2cb2,0.0169
13MTLGzRa3ZSLhkceYm5tNLCHtPveF7ARy,0.02020451
1NKhm8GaEiYcwJnDu2XzxRYYjgqytMzgtG,0.46052632
376pavJUxm3DzcSEX3G7BztfuwxbJT8DST,0.21388691
1GfG4bhjGheY7okJcyHSjyWLQTwrnpFerz,0.2
1M47gRqiB9WqnDvoBSzsZ8S942bXPBCcYD,0.01201499
1FQkd9eNE7TxC7nWRPkysf9SNuGMGXsxhN,0.0016
161ixGhwiDaE3fAFnHVQgh2NdWRCL7dngn,0.06167744
1MRVHgubq5x8yWB6gWJ1LbEZUDF91bA1MH,0.04786141
1FwPcNqkGVtmueQ5uhZBJZm2ttE4mZPpNN,0.02102833
1JUgbGmMAtDDQNFSuYQXF5PMUwwm7kT1Sd,0.15
1EnizUNXFDAY27e2CDGCwhqEKjDx2tn5QZ,0.0047231
1Ga7vBb9buMFzdf3wdody8DMjT9ZKn7w3D,0.021
1Ppax6ZmuXHCfNLXcMRMbXDbRQDyaq5PRe,0.005
17TpjX2gDme4u24iDJoFXk8NWrWW5uWYY8,0.03978564
1MuyUXvHcRSZQcrAR8X4cAGsdTzEMY6E2C,0.00231917
1LL476yyNKvE2suqtgutJfMhwmAmoFGJS4,0.00064149
1KMQ9N9QVQf3qbqwsmsLpvEZzgTRnxEPmG,0.0081231
12JSW2NdRyBGkK73V1qKhZW8VwNX9MowC6,0.04265217
19RVqMYsUTppme2t8gnDQyPybf9oAobtCk,0.00791897
19D1hfj6qKLJhHugCjiHf9JUT33QfMdzLX,42.47612142
1JDvHNexh1mW9Xwktd1x5bG26io3UegswY,0.24029977
16WyEPEk3eEa97izRU7pRp696tLqRx6uE3,0.00707779
3KVpbJYEfWGsYd7PM5Coc75SkzXfvFmFzD,0.11627772
125NAcxBVX71oN8LxLdj7PWqxS4FA2Jbcr,0.0055231
1KP6qoQAgyXSo9vfHjjRwuB855oHce7daj,0.02108399
1Ei2EpfV9qpoymjftGJZEfMKrejWi1wY5o,0.00759905
1CT1hmiBP59WgaVoEma5PVHdHKfe49SpQS,0.00678445
1GAoXnW3X3WquLEELHhuELWKUgABBa4Zda,0.04882592
3MxGUyDhYkY7cQ2WhHQyWXBk3b1AinSTMH,1.8104
1wyhqhGten4XhE8amDmLhcqb1K7abHWgg,0.47216682
1CE5nFA9g65U1vKEKSnsC1jFk8m46AgWVx,0.02033126
1J7KBSgsQNS3bZzPrEbNwJrFGqohbN8Qxz,0.26104305
19ZGdo8vnaMXDf6xfAfZjrdAdopdqQzgFx,0.13114914
12HS6EfFhqQBLbtc49boP3cpdxXNavMM4p,0.02090075
37CDhEtMr3UDQCvqrwWsTXJA7xXGj49kY9,0.00180152
3JnDuQgcJvuUp375mgAz127ACJa5oc4yfv,0.00523133
15kcK6wkt9Ggm8txpGBRgkfsPzxqPidhSm,0.00351206
12H4YLckZWTXW2CAoQpVD4LCEddWzFU2WF,0.03713374
16fQPtcL18TDkAm3NJ8mj6vmkarVQYT2YB,0.0019151
1DK6jVcRQZVLiAsv9qpeR7FuxYntkdU6wN,0.00989895
12eAgHLiuNA5bA9qGAL3S8RnksVqKJXnRE,0.00956
18Q7oysLxRxv16qNtz6HXEerkpkQ4apeGH,0.02093
17ety1AkpdVMNGdEmFquPXuchyqbteCeaJ,0.3
1GSoacQdzNtT5rN45ZhDh812Ca1XgVqCGo,0.007
146qibtxns7PYv46bL9TJniAkN28ZiPH5p,0.00340497
12wqEAQPBrdMQxzmJXrLpdkD7W16DE8SNx,0.00581389
12d4DCmWf4ppEKhJpHPbQvLYpHMFtAMtLa,0.00238458
1NBhFdvcnhxJdXzpkc93RGyDF467QoFiXK,0.0858
1FcmbtiSDZhngfL7fJPgvTMj8aCCmsryV8,0.21535451
1MG7fvSwUNRLgHRsVmVmt6CYLeVf4C5zQ,0.017
34CajTb57v9x4ZoYuHtSxq96QD1L966LZr,0.126
1C3K5SS36Ys6iH96FZTwTKoi86ZkTpLcEN,0.00444117
37NwxLm7bRvp5ieswP78KVch2ksLb9sb7a,0.00348755
17utpLg9nueScFwP6DLdQmnYrMcA6XDqu,0.007
12urYkcGRqPt68d3DPtMh4fLoFy8nWsZwJ,0.02
1LrqHRq6Rwxw54RdRsYVQqGLBAYcLDdrrs,0.0045231
121GQ1VyKmg5o3R7bdWUMJjjG87fNfNVmT,0.0218
1JXXEhozQBCKLQ4TuBRRLtEVEAA8E2mzdQ,0.002
1HNAwEXS5M1j9Y2CMzY1wYeXnYC1PYrS9A,0.01426984
17Wbzt6f3BM15WjtisonkP7q6cdQqCrnbb,0.13706217
12PPUKYbD42XxyG2Hk9Zj17d9jN34CRW3h,0.00484607
1EFy25uwcaq1Rn59oDqNqUJEK7b3xNf5xG,0.00930222
1HPJW5b5UVMuLbr2KQXBSpkfhUx845oGM2,0.01906521
169QKcdbLQazmnheDj5zp61hBqhc1xrHfG,0.00139502
1PDbmBGLPNa2mHQ5fNnqQZnw872Uuj6Cdj,0.00057686
1EDkLEQ6mRa8CvYCAkD1nxr2PSCqCXbKRZ,0.00574218
13mni5jqBf2XRKv8W9CYV1vkSNT3bNh9Ri,0.00544
1KbMherNr4SFXikTStwRD1vR75CAYefh2P,0.14480186
1PvaMFLqCg8NH2H5pCArVhmUCfA6m5kKer,2.26682239
1646c65H1x1wTduYMuh9Nq7NrbXW2Bm9zo,0.00045347
12t9YDPgwueZ9NyMgw519p7AA8isjr6SMw,0.06801179
16pacpLBC38CL2JHH5u6e4q3xVdGmUKypz,0.00286787
1EqPKrfK693JQDQvRqyX1Ej181Ue2cJbng,0.01040156
1JfN88c54CKHoKxWkszSo5C8XXN1X2vVp7,0.024365
185K8FawqkMX1NbzWmf6KhPETbNADZ7tBo,0.322982
1Dqw8ouirm97LqpEEARQERFEgTvua4WqqQ,0.01225401
1NAAn898p4pq2r5u4Fsap81tqVTvFuctbe,0.03193308
17ovgafmJXKD5N2RVY81ETgKRBTGadR6sS,0.02729979
18a3yrjXfFgLF9eU6XxEeSN1pf8CovBSRP,0.00338435
1Bx5W3H2TtrhbbT4XBqArJTwCS8XoMaHbP,0.01033887
16o2RpEPTABEq7Roya9sMpQue75gxpj5dX,0.00461372
1N5y5nxi9L6yDUcSPbVB4iV5vSG9tk7hJd,0.01028408
3M6t5nXrVEjkBttthWnLd6Qs7cfLFqZMHV,0.06919121
1K74dJVg1JHc79ByHULLQWzs3ZQ4m5WC3j,0.10514478
3LNHE6WSDn2Lc6WkRjmxNVtn9gw7svsLho,0.00155294
3AVe9fqVjkEw8FPSXDxkP1eZiFWcEdLhpL,0.14255738
1GgaXCBkoSifja7Y9fQTBa55Y293JMat8P,0.00418401
3MDNybzYukPLVD7AZMye3dCdu3H865nxRj,0.10007451
19SvjcWsxxPGXVA3vhDKBVRn8Hv7WeNhaY,0.6
12t9YDPgwueZ9NyMgw519p7AA8isjr6SMw,0.07
1KhQnMckxcZCGyufMqKRePuE2DgkRL6LxT,0.15968088
37YeG13JReqxzQSCb98Bg7AnS2es7XeZLk,0.07
12t9YDPgwueZ9NyMgw519p7AA8isjr6SMw,0.02
3K4qkLDS9iVwmCdhaxUwZKni6MxjXanoMh,0.00611999
12t9YDPgwueZ9NyMgw519p7AA8isjr6SMw,1.10058268
12t9YDPgwueZ9NyMgw519p7AA8isjr6SMw,0.096
3991FnuDTtdThkyjLUwxsknWBn9pMv86bs,1.2868405
12t9YDPgwueZ9NyMgw519p7AA8isjr6SMw,0.2159
12t9YDPgwueZ9NyMgw519p7AA8isjr6SMw,0.03619585
1NKejEnPRDYBERNT9fS8gSesw7R93x8yTf,0.00795659
12t9YDPgwueZ9NyMgw519p7AA8isjr6SMw,0.03274466
18ofnQhriWH7fpjEuujrDiStkemNsu7v6u,0.00869546
3PcB8WL2iCXjgBZUTvT2L2ytbVrETNbUYV,12
1KYLybnUcdVv8Khrmei9S5C23b3o8JrEYy,0.01000044
1GSujAjjvRsKpVgdqKBMo3hL2ekE1fgtA2,0.2
1NSvYWCs3mso7x5bvpQaeLBfcA5sdCJ1pF,7.2569
1PyUEDzzJTKDuo5Ud2GBHhrMcrXoTJA6XG,0.15
12t9YDPgwueZ9NyMgw519p7AA8isjr6SMw,0.123
19vq7ffm6k1a3YuzC5Vj1PKH7KGfN8eLgo,0.07512
1yciHVn5rnETghbWEuEkC4bVXXvMC7hYn,0.4353
18LFiykoQQfXnu5KvFx9pPNKfwYuwkQQF1,0.07425
12t9YDPgwueZ9NyMgw519p7AA8isjr6SMw,0.00052913
1MPNhtZNuB4DCCLL4TjzT2Sf6cr5SmjEbA,0.07965643
1PhEHG13CoKZYBWn4qRBnuP8XKKQeL1cNp,0.000406
12t9YDPgwueZ9NyMgw519p7AA8isjr6SMw,0.11
12t9YDPgwueZ9NyMgw519p7AA8isjr6SMw,0.1074438
19zmF8tXh5aukvnUms58i95eMwGrjxHPvj,0.19023052
1BJz8uJr1hWxChicCxT7jFxAWcWyGfWL7D,0.0034624
12t9YDPgwueZ9NyMgw519p7AA8isjr6SMw,0.136431
1Q8E4osW9MCgQ3DtvEfGqDcbaBbhsuk9NW,0.20497312
1BBffUPDvcqCrY1Aq4VgzPE5tegi8D9Dh3,0.06599024
1J47F6m3h7TYciyW3y7sZYmfodwTY6JNus,2.12037
15gLJA5mWvKa7NjSfz1cRnXnUnWLFcrZD6,0.00541533
18vaeU1CZyfeanVsmVd1wiGxk12Mv4cMYw,0.1074
1FT4o2s7WYjtQJV9LzV3XEfVUXFrPeQQ82,0.01183
1GdvbCLgSbAdgwjVFa4qQLgouF6URixdyi,0.07530649
1JY7iHSw6H47wAMGxFC8u2k7AJY69zKapV,0.007058
1AoMs2HqfofQgo6EDJwBryd99VXQiRV6xJ,0.08590788
16CQHoUQBLbkTiox4APobsho15ZTthat94,0.15074198
1HsKjwRpRgJaGHsxj7cxyCyrqD5651ybGm,0.00336589
1eAKqsaP3NZ3kz3cJ945rwCGWfQrkEa8M,0.00541533
1CPmJn4y9FzC4Tcz49ogUcFWn72RUgGbER,0.06446081
1H3eLTMvxAVZy4rfWAyovXC9wAJPSgzuU1,0.01579472
18D65bSVFtN7EXP1CWSSGiCKSiYQ4pixaM,0.01355712
12KCjn3PgMConzUk41piSEGwG2bFQZvFux,0.0299
1sT5hmzp1JW5zurpXgvKFme7RW1dzZ8X1,0.00676053
1JLuyJ31AfNaS7mzKUJ7vUZh1urEr1YJdQ,0.13538334
14LCJkJvucuUt4r91ZMvv2PDhk7g3wDphT,0.0819958
16WaamBCK3zvtc691fxafUUh1jwHZCtYkv,0.22073561
1JTfiHNaRmW7dnWu4oCu6UWrzLEKtuFZ9D,0.0131
15g7fvv6kKZkvA5a134sBc7FWSRKHFXwqt,0.07760661
1BRCxUtWfnjiPNc72pWobpMyiZ1BBSf94D,0.0555684
13ysjdgUY1nBX5cUP1q9RdfzUvc7DYG9nL,0.01448897
1H1yfoUWHVA2xcfn9k7j5gdLGRVPmCxSsU,0.02707667
17cgB5gR2KweETCKRN5hHvkPiCRd61Qj53,0.00726686
3B72GBurEqp1vAfhkQF5MDbB9eJwBDqatQ,0.25174404
1CmLkGZr5r6cRnSNVyJ9kUKdrhv2FAYmDK,0.01010577
19WRwrePPio2K8HFB8yu4jq9G5ha9zRcwd,0.0086172
1EaN7irYnW4KWE64f9sxcYAPVVaWFim9oZ,0.0411159
1Ctv3eEqb1vUtKBDQFDpPaqh6RSf8sXWGn,0.058
1F79M7h4RGqtWWvQk9qnJFdqZmiHoxfjwm,0.0773928
1EFUc2rQZyFGM9kBiCyk8Gc5SQJP6FFLi5,0.00480416
185UeyGZAZhNZ9uxqBf63d8p58TwpHH3t8,0.07480292
19Dzbk2KGvXnFVeMK8TfungtvEHcJaCoK,0.01133339
1LZFGQJiS9HXtAtP3gkoXpo7gZo6HnoVmJ,0.00712759
17HFriMUwMxvGsY9LcTZGaY9z6xTPkYXFx,0.01042452
1A3SQ1cLStSwPs1FtdciAJPAMdw42h8Zdc,0.02
1HoYNeDRzCpvq7PXd3BFrTXqdBJRAJuETH,0.593
1L3pEUsThiLgRVMdkiFrXJjdQ7XRgTveSX,0.01083067
12t9YDPgwueZ9NyMgw519p7AA8isjr6SMw,0.14000099
12NFxRrJnuLptjqC9Joquv36V1wGUFdCF3,1.99964885
1Go5gF52zAcdomi1vsP1dewtth5Q8pp7Ne,0.00792129
1EcSNqPW4C72cTysSsckJcm4Us73N8hA3A,0.44071231
1PR7KdYHUs1a7gdnXv7zGxzKuHKbtavqWg,0.0412753
1MjPCwJ1K6Lfj6YBjvoThkb2vgoPjRPAAu,0.40833845
1M1wfePZAHyZUpqykaaNuAzPm1r6kWkYCu,0.16017
16hGiwzMHB4tBMnFUqqsxbMr2GBL3E5P6p,0.03624932
18f1XcU75VGk2ej6SJHgZcuBvybxXep3x8,0.04442233
1L8WrKoRkAUgnfkTREA62r4S8oUfSJ8Yfu,0.00233237
1HMhPG6pe3XmAcvKyqtKbthXhRQsWrzyfD,0.01254313
133mdobzZugagFvupB2kvd1dZE3XzbmUUT,0.0182184
1EPqrGcrB9w8DV5K2h5aXiEtSS3bCJ8dbQ,0.00045128
1BZm8DNnjQNKVGU6S7uqDdLfD7LjsoGvST,0.00860708
14Ar3BhcGk5ACx4UULQdUJjkXVSEexbG7s,0.037488
19a9C1GmsRmHr77LrfSrgakS1qjYxtmwyc,0.0541778
13ot8m8Apgujgcr7ruJKfrPH1DzfHvkSnr,0.0392067
16gkv8pGSZxmpbbHkhuybTNwGLgikwy2sE,0.001
1BEweqQBe8zfFdT9FDP1zdup3b6rBozWPD,0.03745606
1HGHekJoHHbh6TyR2HdrDToUpQQ5arBXYY,0.03
11G1XNwYTN74VZ13B1Y4JragThxeHhNjP,0.01353833
1KLdnGnFHRZsVm8t11SeFXKcDeeaqU2Ess,0.28010727
1AYed9aXCg7cc9D8grENLEuU1f7SUzkvV3,0.0107522
182aDuAa1fiifKkCJH1ZvYsnzgF9q53duj,0.03512546
14tLftnKTqTJxeHKnY4pCRbg9Wg1fNJZ1j,0.004988
1FcTQfKVn8P9d2JnWrLifYoTfRpVdC1zoP,0.036583
13iMCqSmZvu5U42LG2vjGYXZHSekonztWT,0.0919588
1DJpPVc9mrAhLQHkWVqoS1GX6AszZ6wFss,0.04476507
1P9BYvPWAerJeXp9QsYsvsNF7rCjtAnuMr,0.06788579
1AeXJRdaPQSszqzQ94phqxZVoErr51bemf,0.927
18jKnLkgvUkDuCaGeLmEFVN8HAU8qDb8eW,0.01145
1HZuVff8Cv74jSacdt77nuwyk8MkMhESHQ,1.77
15PQj8BRYzMSSMUYj4KUCRpU7yH44sov5h,0.00020065
1Hdc29UvZGHnnYtxLVmJ4UfkdBkE8hhWSk,0.0050255
18SrgbhwHfCkazZcbRBPFwvc2DxWzC2hET,0.02022
1NUnYHgZmmnsCiCyh6x4Qy4Cr5yJwvXWAx,0.1
12t9YDPgwueZ9NyMgw519p7AA8isjr6SMw,0.00049776
1MwGmdS4immC6iFXzqggNTnZScVVTCxrV2,0.03518384
12t9YDPgwueZ9NyMgw519p7AA8isjr6SMw,0.16101831
14i6rZyi2vwW4LG9skpoiCHXPGHbE43ASz,0.00303182
15GbxSPozLu5VYvFceHtei2Cf32FJibBcf,0.054
1NCEB21RrEFEDGpQJHodrPgT3dz1xkpKEa,0.02494
3GTwQ2Qn4wLGQXhqb8DyhufPUKdiAXVjQf,1.53997596
1MSmckvWqcNnZgeGLaXmYQbhpf6ZanYggV,0.00785736
18RGbAS9uNRrYeSViVN4YdgR3ACq94PJCD,0.02287623
12WYmCWb3girzccv7ufzY85gruUT9Qk8Jn,2.99542576
1Mek2W5RhkZt4LCu3fh9r47gZ5HXgXqF9K,0.0053
1CGhvBa5b671CE43VR36X6i3z1Q9ToqP6B,0.02064253
1GFV727XZQSB4hSn3JWtWSinbb6GgoWDrF,0.5
1LaVusY9nxED9CEJL9PAaUiHG5hdUfWfMZ,0.00789465
1251W7zfJLjcmVisjm8eUQmvxFdXA5a8BR,0.00074933
1EG39vVsphmkTb9JJ7NMdZ4EDUjRZ87W9e,0.00135526
1HeE7b9FigtHKTzgTYsG4dcD6keifoHu5Z,0.03792485
12t9YDPgwueZ9NyMgw519p7AA8isjr6SMw,0.31614227
1Q9smgsQC21uuK4yRiieck4s43RCX3myQc,0.00844863
1FbVYSBHMhmxWFh3wdQwZ4Jwty3FJ8vjTA,0.2112
1PS4HY7NuQjSrzoj8hxkuu8rBhA3pyzGaR,0.02105278
14SifFqR2oTtub1rzLvrYTUuXDxmMXE1T6,0.016088
1LERVTHWpuLucTSmzX77b7CB4N8aUubdzu,0.11737406
1MnBqgmWRUhbfzWhNuS9xx5dY4wbxVEpdt,0.03736868
1JwiufQDiJJBzQabFmVZ5WrY8CEpNWjxHg,0.04536645
1DG4MjHzZSThHGWLy9dJgeJvhcqs5hKBiK,0.05924078
1ASAdNWMEvrKEafBNvmB1EJzyhGm27e87S,0.007
1H2YYreoqunNunMbLoo5hNWBqxPcpKq6eS,0.4375
3DtSyVj89Kzspx2CwrL4pPAgHEvDmhm8Ww,0.02631597
1KMp38e787yg96HbViTJitN6nBJ9WWV5m1,1.84210526
382BRh1v3Xaco538PM2adn5gvrVrHbduGw,0.2
1LghQT8G5RKMJRRF2AP5rvXXPDpaDiPsgG,0.24137146
1NdsVc6qM6fXdoxkmPYh2mou2bwR3XFPtF,0.01549072
18Qkzb2GTg68i8Hu7WtZStocygsFMYaifF,1.111E-05
12t9YDPgwueZ9NyMgw519p7AA8isjr6SMw,0.0001
12t9YDPgwueZ9NyMgw519p7AA8isjr6SMw,0.34
18wYFDGfi93YnsWxxFhj8qDhSidZXjwfAX,0.00980921
12t9YDPgwueZ9NyMgw519p7AA8isjr6SMw,0.01322067
1EnxErtRRpfshfZHCGj2dhVfKqNUvqB6uV,5.40513442
1FuckYouRJBmXYF29J7dp4mJdKyLyaWXW6,0.00954561
12t9YDPgwueZ9NyMgw519p7AA8isjr6SMw,6E-05
1MyEQnvP2KED4DNGRj6vqaevjqKMAdGifm,0.02445996
1PEX1sSwutFbtHhZbvnoymjRgnLL2WrUvE,0.07354686
1FyNWLNEQMPXxCXXtuWBkQo2ZnfQeF5k5f,0.048
1LUwyNGBrVSGPcFKkqmJmFgLt6iPhN4BDn,0.08738938
1D5VU3p7vE3SXJiJiKt8Kgy6aJyhxD9PyT,0.5836
1NPbjUspfC7fAf1ZcL8mFyJNPuK7RTwgDx,0.000499
1P6Uxmc6jatszAsX2WhkbyCkyQfx7s7oMs,0.004573
16u4uxNbqEaAT5Qwf7Npk6jnjYFWX2sKNw,0.00924686
12b2Vw51debGXq8Svdsd6RvNEA6UM6Ms1j,0.13459942
351ojknB4rfFmJBBqMLDQ5ZJv4mgjHnRHb,1.13165077
15gtnZWwQbDmAZ535VP1Z7hvuA7b1BAYJr,0.1357025
1PPyLaMT3RepjVJR61nNRyVZK4Yg5y9zC3,0.0225
3EoAwmC7oUQGLPBNyKno43nx1MTeuYV169,1.0550838
1FzW2B3Tu3XSxydsXPd6kjs6jR54bd5khM,0.00036461
1oaTkfzo4yx2zid5VXzURgHqnXTWusJTC,0.022
16dncnYCnp7GNqBcJMyvJkxavTtCv7Hkss,0.037354
15gzAWsG7FD2KGPZKJgv77dxGGQe6nm1Au,0.058
17Lkazb99LzrTBWHie6Nji55uRBdLyrjqT,4.7
1JGYiksfP3ELHGFwf5jTgWNwWkuUohAiYN,1.1442329
12t9YDPgwueZ9NyMgw519p7AA8isjr6SMw,0.00493532
161iQVXvhAo2a86ar5K13p5H3jeMxgTRfq,0.67
3DyY2Lv2CfjR3SRWSH1BaFGncaMbDdaH6R,0.04424779
1JZEQMzPP2qZV3PTjkMGJJzr8BRvK8KkEt,0.00886103
1Fm1Hfdx2KqMshNnSKskCgbw2J9AQte8Um,0.3669203
1GYyfYnsZN9Z2ihJW2t8aDvyKHJiLZQE1P,0.034105
1Ai19xqn4yywnyk8o5WZYzeBPsMH9e7hNr,0.01153
1CTH4Ae9HLNXgvPKfhRDe5mDbxLVy9Advc,0.0044311
16rAqT8J6ZBCE1LuSHyQN2hrFFzyQgWiku,0.011905
1LzNfbzSy3tJU71FJot8xPXHdSfJS4iMBp,0.04
1vJ4Fv1ouL2zD7tPpCnCrdHpfZpBPxJio,0.008
13yFynDh9JtyWVtvghfAhvLMKxcd3zNsDM,0.03691389
13tL3AhUUwWsWo5dbEuCpHcJTqU9pvce6v,0.01742577
1Q26WXMpLpeeF7rWFYJvxak8BY8mwTJcaj,0.00040471
3CeiZTR34k4FVRRZDHGMhzeC8tj9nL4SHS,1.29
1AsoLVccmnL5m3mR422VCRrCNhaYXiJQpd,0.0462436
1L9FwWaZ2rxo2X3zthdYXHWhKD5UPQ8Fei,0.0227094
12t9YDPgwueZ9NyMgw519p7AA8isjr6SMw,0.167425
35RN3pUaX6daFZpWr61MWiri4Cn5d87zTG,0.00036673
36y17GBkP5Knqsou23DoGy3JJA3akjUrU3,1.42205004
12t9YDPgwueZ9NyMgw519p7AA8isjr6SMw,0.3762
12t9YDPgwueZ9NyMgw519p7AA8isjr6SMw,0.333444
189BtxmUK7GrSyb9Rh7atNo2Hm89kRoUvS,0.1308677
1JZNX9naUMKe2nDPVZXiKz2Dhj1ibVHtNT,0.15486181
3DJWozzLSkLjsezoT6HyKrXWEGa2Te1Ynn,0.02
157EhDVM3bYcDpf91vGgtmSSriv8dBzvpp,0.0073077
1K4NEDtQKGAgWVH74HkbGCpDtcjcj3cJme,0.10776353
12t9YDPgwueZ9NyMgw519p7AA8isjr6SMw,0.0029
1GnwBa23yoPyFyYwEDCgK8qARLQTmxPJ5j,0.30974766
1HtqDMWgn6186e8t3EesZQiw7gNbaPJfJH,0.39637386
16W8VcdiM64kJCSAYWbPjTaBWNcGkQe2wi,0.08528801
13m2xpxvK7zRUPBo7KXvvyrE11G83paq4w,0.0001
142gkByv4U4CVoMx79Xrdyc8PeyJLfmS19,0.01146973
1BGbFZKhf6yqsUgNx6YVdT8vWiUuqALSDY,0.19555892
12BJrwuoCngNp2e3EDLBmW4sfkLGHjHacE,0.02973901
173mmbTbXXdrRgN56HA9HHbbp9xvP1dF2S,0.00415
12nFHWGpi2nQmxyRo9tdnmM33FLNnMENRp,0.00819
1JuJVaWG7Bp3J7sTdx6jk1nxPEKdoanh9U,0.17204597
1DFNt8L9usoGke4LYqP5zgXwjxyuzst8rh,2
1G3sYaLwG8QCGntLyp7bhXF9szr8JDzp9g,0.0473
15rrwsJ2U5xMktkxsf9kkX9vcUtxpJX3Dm,0.417
1PJfaNXNpnMPULwzUUm4uendkSt7zwcjX5,4
1zH4DzZjq3RHyhsZhtKX8SzLFpczcUNa1,0.0140197
1DFA3QytsVTPPX6xm2pb348ZqTShXg8Doc,0.16260951
18zxAP7p9DnAMTm7jQsLAR9f41nUmudCF2,0.051
1BxDapKBeNvPeZ5gSeUjoNWQNbmGuEP7CW,0.04556213
1CpvcPfGZda25PfkbS2m6anrJiGXYXRzJH,0.244
1J7MFH3bHWadAkmJDqLKeSjS9sCGs78wgS,0.0086023
17atRQ5EvTr6JpXGsQckmMAJiydeZZuVEE,0.00443766
16AD6wbziX2UpwYHkXjUNeSYVEdoSr7ttL,4.67
1L11A3Ge4XhWSJz67fAgDhsbsAsJ9aZzhQ,0.03
1osj1Jf1kFqf1L6MShdmxyqYxJ3fpc8M7,0.38
12t9YDPgwueZ9NyMgw519p7AA8isjr6SMw,0.17204597
15fwy4xj2YFtxRL3gAxoEn9xhBEWMZkfXb,0.3
1F4mEHSvbnoEaUSyxMKTu6EEaaiW7KEZ7r,0.04
1Db9sNSqzavqx4PoTEBKzBoNDXWrrhiZnK,0.01605762
12Q37PZ312Hd9XVoAMj9nebtf12wqkferQ,1.14
19kHt96rTUaGmbsEHsvmEncNKjk3pFwKKe,0.2312
1M8WG8L5hci1MAEvK1cHCnQzuaQ5TVZA6e,0.03829097
19yNis6RMcMZny3NoJG7nGnmAqV36GFrDZ,0.0103
1BFzx6pMpKGh8WFX8JpdyeN8Zp2tmE6xTU,0.03120862
1643i9vPAN3dQHp3jfYSXr8bHRWJYhqQbc,0.00237378
15gHdKoHGZp3ryhso7eio9hEWSE5JJkZsc,0.07
14e7Wk6iMP99jjhiBy3otApco5F4uWN1mZ,0.0522
18bQCB3pw3PokCbStQXFTx31Z6Xf9iJqZA,0.03
1562Jq1BNKPH2VYuEzH5ebNFLpYbKjNKx9,0.00632
13UD2ifMJyQ7inH3DitTnJUVp7YxLSEcxJ,0.13291328
1GpxMwh3DAJb47hgVg3Gs5reHaiSfhFYWN,0.00069012
1LwvzbU976dUhLvyCXJx2momC5yUW9BVbH,0.026
1KjiFdSrrJ4DjQJdTAncKiLFyxHvtdGmAv,0.2403
1KPNyAJmgwuezi7fSYToAGYZJSauKacmb2,0.2996232
14WGURwrvgDUyCna1zmGCGa1uVq4VtGmFc,0.01658
1ATRNRFYRd9TiAiPYfxKtTzcLU4G8hrnpw,0.75
1H7JygvXtBZtgtV9oqXgC6Ew5jS3brV4bm,0.12460987
16PKNveTLXZW58MLeVYS4JPEiwuYz11WL3,0.06415
1EqeZ7QAGsGcdRxzg5vZwbVfhqEv9yhEHn,0.223
15jZxbjLRvBu5VCe8m1J864ARvv9nawvmd,0.01204322
1PswWgBkMPn9F4Vfiw3N6WEQDVHEhh2Cag,0.02532738
1EpeZFT5sx6Waq2nSW8Ff7rPKFUqdSh3tM,0.0115
1N5tYudt9fMFytpUE9WYn1gwBnFfqeAhX7,1.43371642
1Bxwzur7BxafTaL3kRjKqsAXbKh3Hn9V58,0.04569854
1D7pZRUB99mnxECh42ZFJo1SjFTgJhpfhg,0.0257
16eEgPfWWVXtzpLkJH5dovxE1nWatSJCsT,0.06831544
1NUNGGyMZocx85xYN7oG7VyTCD3rLGXyvZ,0.014
13cBAKDKDMk5nuve3KvPxFZSGn6pGeaNvw,0.64664666
1CTC71E7bZTZBZHYR7wXKpchAugYtb27qS,1.27
12xX8tp9NEfN5FyQ2USEvzu5MXsNabY7Up,2.48611299
115p7UMMngoj1pMvkpHijcRdfJNXj6LrLn,0.0001337
123bBxYy78yu4hPitbMAuW9JHmkg3mRwYn,0.0001337
12t9YDPgwueZ9NyMgw519p7AA8isjr6SMw,0.0001337
13AM4VW2dhxYgXeQepoHkHSQuy6NgaEb94,0.0001337
115p7UMMngoj1pMvkpHijcRdfJNXj6LrLn,0.0001337
123bBxYy78yu4hPitbMAuW9JHmkg3mRwYn,0.0001337
12t9YDPgwueZ9NyMgw519p7AA8isjr6SMw,0.0001337
13AM4VW2dhxYgXeQepoHkHSQuy6NgaEb94,0.0001337
1KnGZzwkem9XQBhwGtU3QxFmfCuKyS6QjF,0.00146597
128UL5NHNvQnCBAa3bsrtngfbeSK6jHCMs,0.0164
1FeseUE7wr2VPyJzRgN6xwkxaSa8Ec55Gh,0.28061384
1DHy5JtrwL61231EcTZkg6FcBQCG5yMWNt,0.0105
1EeStz3Fdi2r3R6Z9oHnWhaWYYY3CVByDj,0.09266868
15d8ds6orX9AbZVx6PSaAHAKthm4daPVrb,0.03320842
1fFXHva2uomNSJxAfErzcsFd7w9Be5bS7,0.35157388
1QB77KzyJWfkHJhyaMxiwwBUANiZ1RprPy,0.02426413
1FMvQ5DzpF7i97TQM8SBexUnk6Ndw2o5p7,0.07998277
1D41cw7yjq7wG5RprqfABfuUQKcnmnu1CE,0.2508851
1N1DpNVs7Qg9TWkSKPYhxTRxgt8ACSHnFE,0.14211566
1BDduieLTNAxTjgkBh2KgpCWnFbQyAu82H,0.03604564
1Av1EBoJ8Hk9bpMksTG3Hxx16pta2X3Ni4,0.0211
17ZymTXp83XM2jh55ChZ1G3bD4atHgHb1h,0.03892659
1KeGMkrzbmxFzDNNysBaTYqYPUz8d934QA,0.01261678
1M7WgYQN16rP8bZYiKMRSwPr2LjqtMYfg1,0.10606937
1EUMwMc9YmXuVueVsgDmu4rRz2LmdQbteP,4.15820365
1J7RDytAcaVb1B4SDc51XEEaXBU6tqFRAc,0.00057527
1CrSTvmTuNPcKMfqZViPCNgZ9U3u4mkEDh,0.001327
1D6agwZ8hL4bjxdjNvftBKHu5UZGu8ELX9,0.01576132
18XkdU9c9aZEsJdeAVF73kQHjQYPotwzjG,0.01795424
1CFdwY9heQv6c4dTHEpf4Y63ymJQ66wGxu,0.01668
115ttLFgMo4mHD9c4uRmDuALGMwpBknLyY,1.66217281
1La7GCDf858KCvo34cD96FogrUnZfQG9FB,0.00070049
14HpqrvN2PpDbSNSDtd6qZSkNqwSbJC5eH,0.01017123
12NdZiPftQtVMoJRH6dfmBa9TVoqUmRpG5,0.00853109
1QLEJ8kdebrd4WHQ24vLVV14FxxxsNg9Nh,0.74158847
1NpG2rJ1stkiuDvvX7aG3fYvabczTs2ZQw,0.14091307
1FfLXcBJAvvvPt16Wyn7s3ELtr1ngFmvtW,0.01692009
163tymUigC8PqLQBiJfyL14BoEX9dJRddv,0.01228719
19dq9rB8HR5SarJBSaAbcdoNe7SA8KHdzS,0.01279
1HcyJJhik8jkvRyFM5iMjvAh5gwx7eGqjy,0.0089456
1LgKSaNZnAvRYFMQpGq62KyPDiyhwALpWE,0.00442604
3QZK5eEoB5pvxj3uGiE5RckTZUzvNp96oW,0.04853994
13h5PrK7UXRjeWkUfrKtXQ3iGDAMEvaZ8g,0.01905271
1Dnu69gSVjNuwaKreUpqFzWyg55PHwrary,0.09598681
1ESD7b1jd2m1nbjTizqy9Pmy88xFzSZXAz,0.01883688
18FS5gUQaNfknNJNgWPhD8PewZ51XfJEn8,0.03946556
1LhMiTBTxiyHWxUj3CPenvXPkFyv9MUvfd,0.00916233
1GHzFFtkz6fCVEBgDnLL7zPcPdMtgZo6YB,2.72449714
18oQ3Pr4uqM3DkXcbGajJUh76kBYfWEpA6,0.01548862
1956Ywafwt9nx6KnNnm2zPw7VGgJN5VutP,0.00479082
1CvpgMdNSzXLEv2F7wPJMCSPy37xfrmjst,1.43002311
1JDxRR4NBUmDSzFWA8mBbNM7T6K7LPEgos,0.01605204
17JU5cukrboYapuw3BZPdgwXUwoAD4X6Gz,0.04727158
1BGxSZ3pBxZT8toMAoC2sLhETjcontAGvG,0.01382815
13xHH5QHoW5eiTiATmxDoyWVT1WHVe4JaQ,0.0003
3962145rmLR1gdUvritxRSKRoFD6wg2Uxt,0.00357887
18ppHJ6DC1cugevTsLk5Sf9xgXGFDeJsCh,2.499
1iB8d4DGLPzvWcvvdwUAzbXKff26T9uSR,0.007
1M32xePESMZVAeo1UzHoDRHXmaqYAM7sxa,0.004
17NcveboRSLMb6W39e3LdbP4W9ouTqEKCt,0.24711255
1CSLPyRgftfuwAo8135vXDoszJQvHQgxrp,0.08284912
15oDoYskFy9RoaJstx1Emo6ANYBv2Mcoe9,1.3295979
1DTSEM3WM2DQ7BMgqnmSGYDd94cbUwRrmT,0.38056496
1JXUtrZpmQfM9V3dTW1pNiTs5qiDKko1ZG,2.01004693
1FETFZftbGee4MkzX7dgwYrajejS91F9nJ,0.10694204
1Hi2xs43QcgTKDtFbQUfAD8Kkm5xFiwihA,0.00782556
1FM2GeuepbUCTxKAsX1J1NmoCKzBfzvzPj,0.06557
1LuFj1sJUufzv5cX4d3mYN3BePbQu4jTKm,0.00821949
13x22GvqUyNR8kuLCmnx4r1JHNbVqitJdV,0.011
1PjJAXccudCtss7QMFxmizmJqMhvMFVJsV,0.2504439
139tCv739WCE6YgYERLNqEGEsdKk8ouf5n,0.00229378
1QG59mWZo6mTyFVx6uG81ZEqWX2S7MKuRj,0.18226193
12KPYzGnCKKAoSGaWiZR4H341JnQut139S,0.76213716
19M7KcoEbHzLsyDeGHv8NiTZfDgbMSUMSq,0.01875152
1KuWGifx7vWiuzuM6PRnVxRm3EEnf7ipgX,0.03561236
1DcsRp8S3LtDFFYHUd9B3jkSrmJaZyAd2n,0.0004697
1E8a1HmtjNqYCu6hExxKnbQnSVWTGEUf6K,0.045
1FY5EPwcwB3TGExx6pYd3LUpUdivUVJYmD,0.08514663
1HHbueCXR6XEExjgTMjnknMMQC3ZGXNEPz,0.01190232
19HiwRDmFy6tEojgcmRQrEUQFkTtcUpvYD,0.35590017
19GChSnbnU5XDS9vFNuGxZ9KjaDBudg1Jr,0.04334698
32QKgsLuoZ8q9SCL5PrRY1Jb8DCtYv8RAp,0.95199335
19CrthA3piqBThizJ1V2DJRtiyZz7dLUBB,0.36017
16yN59iRFvvr9bx6VTd43vMXLNZsK5zkyi,5.4506
1NfpFCoXmEAtM2VuYCKdxMjD9YTsCZYM8n,0.01760628
14AxUmAaPJ2jUuY7pD5ZpzdTkAtY7zPKqo,0.01307394
1MaeTQaXC414Pqkmt94i2egG9mJ2peKcKC,0.17363579
159XP1xZJxUJEPZBw3rnD2FrqxQNfG4Qet,0.03038901
38rBzek9NJ1aVoyAEoua4agPQwpXodC9QX,0.0048
19bdqMHTPVShibs4JaWUESpcAiqA94Xa2z,0.001
1DTA3xhVUcytwBPAqkc2BagJa15SRhuGVP,0.03768878
18fzo2CCSgFuNW1gfqytXUt712DX7CxnGR,0.07965138
1A2VV35oWXkpvu33kjfZicgy6f4vkgFPc1,0.00018907
1P8bverZPBAiWKoH3SzPo2HmA4FDTC3pbV,0.04955604
1FJ7y6iw8Y2txNbpvjTcP6sBDAvcQDGrbh,1.11738793
1FVeRHMba16fBeEiwuRRAz2j2qxRePG5xG,0.0601992
187AFRBKL7Ucwi18u1bp9Fprz8peCTJkij,0.0369027
1DQsY7KdmbdxkK93fteTCeo5fyowamfUVX,0.01257092
1HVvEBP6Nro6bniXbA76xAbKwMwFRPffAY,0.01540202
16YBkDuD27V9hxiKxN6pXKR6EFcYR1jzte,0.01259317
1EbemWKfscKEtxuWVktVQbSbeSoMKRcpV8,0.00018984
1NBEhxPcAKHY99KL5uxhDMcbUKmKj2sjVw,0.03463658
12EfYf76ChPS5xoxGZtQixEWFePiCAcBoa,0.00251159
1Jsr5skqVcYV21odaAhV9EvnMF7g5X3z46,0.0293743
1MQsuJrrL98CpjJgWbQ8FEmwLcGjfAkzfc,0.00057376
13KmhwuYZr2MQ9M7NN2hBLu3wkcN1txbJ3,0.03525177
12GAy5aSXq3oWu4PR3B6iFCsJPGT8RjjG1,0.28175896
14a8sG5g1ax6TELbDHmR2u7TVRkjAKvKQS,0.28401033
1ErSZJjm3Dpuy626CbK9otuGBrD4iYF8JB,0.01627179
12t9YDPgwueZ9NyMgw519p7AA8isjr6SMw,0.345
1RiS69SCSmyDCLy27Fcmv4BGuBXuJxbpn,0.04483515
1HG2jec5EYELvocSfZG4yFr4nXhzJbND62,0.00779274
1BvnET914iZXFdNeNmkw1nYZeA736xRX6w,0.50009557
1HVr8g1bn3u3AAt73HtVvg5PHZE9H4uPp3,0.07809544
1D6V3v5vgiF2AKZhV6JQXc9U9Vy1cxj32C,0.00571965
1GvDQxrcPgSJrjPmXvDNa5koHZgtKW5P4e,0.00918449
19rd1xAZHw8Zqcckwzt3EzHUn6yzjPrQki,1.03432553
3Mk3e4CacA9HCz3sVquiZkmHXfSvAoNT2r,0.46204563
1EEqQCuKTNf3LTLPPYpr8fdSyY946z2Krq,0.67266499
1HQZ6os1HqrLmRwx62kchd7LtUU4CxaPjE,0.04732124
1K9o6NpLVWFg2gb3ST8tHXVcZZar1wdjq5,0.153
1AtsAw2JRFWeQp8xB18sKspUmAuXXjyHnm,0.00442471
17fitgim9jkoaq7WpdDxXPwBtLh9ULB46C,0.01895887
13t8GyLKNJabsyawntbdUzxWELCJMj6gL8,0.23431399
3MkqHKB3qw816X2umbCBMubPEaDutJfNy7,0.0096
1Ftdm8cerC1Neo566UMETs7RcrnucAcXiv,0.08067986
1DJ6PJ1BQzZfGHuUeqf5uZxwoTP6CADJYX,0.10305099
19cM65PdKTigoRE9md6D3cMmUeB4KBefiz,0.00781432
1MwYRQyE3ZvzxUPycg8JARsUpZQRVufUxt,0.07809526
1D8Xh6NiL6HgGU3sXdhrPqjJxr5svamAvS,0.00389328
38UvecAdSXQpMoKcrTNXmrSGgywiHDqX5T,0.13810279
1MCS5eP9P1pnTtivHAsXkb4ZG71ZGNL13S,0.14306234
1P4rjWG7WUMCUhRjR54nDf9bEbNP4994oa,0.06011545
1LFT6JaM4HUGfhGU7u7hENCT1n9AAprjUG,0.57030197
1FuuZSkJ7F1EvqiyPn3dfz1Tcx3zFMjNs3,0.00674042
18emAW8CgZqedrUJQ9wbzen3DKZ2aZPaoV,0.05502556
1J8Ug86NvTM2Pgrkr5PwahSMD2jf8Q6nbP,0.01008195
17zKVNS4hyTw79oVWikTEKoAz4Fn5fqmqN,0.0077
1MTHk71ov1Jw4fGAbL9Ymr5wUn2QYM5cJX,0.08778975
1KgPf7XUtmr4Y4LAxZbbtxqdVVo7UdxSES,0.05865178
1J1PAS2YE9RHRg5RKBzbaVagq3uhNvPUpM,0.01086584
1BqH8Q64H1Er64qigVhQFXDh9aCwprotCM,0.00283744
1AxxBz8dxFGzshBNfWeRY15xHGFnCAuGsv,0.64717704
1ATD9nY9FwgUFjiEeHsEi5bTfWbyLv97C5,0.01211841
13xsjRnCe7a5qMAw3JVZbSZsucr9NWxQ27,0.01028566
1GmFFZ4wdAScVRLQ8YS42RfD4ZfmxkcJRh,0.03440663
1APebobqeyZzRtTvhtqGUoEru36p947fC6,0.01886
1NzDQzgosf8aXryZSRLkcZueb9Rhv5Ja45,1.99961258
1LTP31ZSWv6Kjd4jJsAxvHTuBKeWZkogt2,1.7663
17A3DBjHoNEqeqRhiwaUJomNo2doTonqgL,0.029121
1J5qionkfk47LhzPPNWobaVx9aYwrjGVTM,0.044
1Ea98AMADNXapdirihmzgwJzPYUDTCj7AJ,0.06739323
1GvEp8PtDuQKC36dLpKAcXAGWA6AdTuZau,0.0005746
19WpqFWo5nJEzRZshjFfz8AXmc2HXYzY7r,0.06738338
12AQiceyaWbfWzWcanPL8ssfBMH5oyFuSX,0.02352303
14RC6hcCJFq9XZmmG5vnXaNS3J76PHoLap,0.0001
15S6qibo8HQx6HtoYxK6Aajqh9C3xBEwHt,0.01999383
1EmtTVmS6t24FQcN51krzqctuUKUmMTsGc,0.07516242
3J9xX7EUdQxmQQZ9Xa3HELzmwUTXpAvdr1,0.13837792
15jehznNSk4Ebc5qbq6XrZ1kSBDrsxjwNK,0.25804972
3CJSt5ircPNYNuAH1dM8tPjoBhjhdp3jRQ,0.00564466
3DjG9cFPc5iQqfVeEqDXNWmWJNa1bM5ah6,1.537301
1LqkyfQMr5SvkEnwSPtQMymhEf16CJD4Fd,0.09553867
1F9CkyoE9m7zFtdvLMqTZ7hnrQGThbx3oJ,0.16083016
1PqA3GF1vGQuMvsbs5VaX3NvjUMMz7sUun,0.0106248
1JuRYTvjMPFhgNjFESnAPA7SsbTE7iYrHK,0.47455
1NkvZsavJ9RMHbcjX8m1qGksPBTcScuQwo,0.01945385
1Fmdn7xj77PenbPfeofyQERjzGkcjpEq6i,0.17502049
14zSFsTqcnqHXfZe3S4qPN58Sxmi7kRVhx,0.02842078
1BzVrbeBtyGyJHrwee4cYGshd64vaaPsoW,0.248
15xJo26H8p8gopMR2LQByM3DfoxFhsdEYC,0.00923334
1PnXrxiRCY9ru3cEg8KrccFrAggF5san6J,0.03961258
1An93jwbnRLrX2UgwvHQtWfJnztpZ65TWs,0.0198
1GZVRMb9zB8DudxhkVC1o8MhSh5BrcTzub,0.22159391
1KypfX5vjJ3K8kqSbLV8KWjRDBnyECJRy5,0.0705
1JiJXb33KkUHYeXnw5V1F8i9xZ4DWBc12h,0.02064398
12iTJTsNfT1siAPCViEg9Y6scGbhnipQ6t,0.01288181
18JNjSjMvFE8xHJbMS3vyvgkTNYQHa5h4Q,0.32366
1NvDEnohCMgJh3EttriQCJAioGBvx1ztPr,0.12858083
1NzCuUicTthzuhyXsFLbtiPh1NKEAuTsUB,0.10164656
1C4U6xZGiHYY6fjKAvNXQsd21EFvUwv4EG,0.295
1QAhVx1RrDPdrnVmQ8swTEJ7ipAEetmHQu,0.01656404
1Lw8J8Je9pEsYyA8Ceh2yW4per6kY994Xb,0.11242752
13R3kMR6nrxnHeycuK4TdE8L4KcrD7HfCC,0.0385
1LbuagL2rDMF7H91uMZitqicmiLyU7fNpZ,0.09255
13w6zVxyvEAaarXGTTzkCetqx49RqbmAXV,0.06
1LNft22kXAg85NACjqhwj3xvLame1pjsFJ,0.00763275
14zz4oXokzDE1Do5VzkPjVVCJ4f5zuDGQY,0.009
1Ewn4orgUpJwQJ24AsoBYLABVKocy9VpbC,0.00922796
1H7fVzTj7NwRphNVfiBWzdJyn8T9ZbBusV,0.10070981
1N7VfhK3GW2Uv62Q8VmkXfNuVq8nkqzBN8,0.0001216
3BJf2A1F2TbSvDW3oBPPmn93smSaaikgRG,0.8935383
12LAWabCvea6eRe9MgoprDiaJPfpJcWqBd,0.016
1CGwJq2dqrnbtBPUEsjzfGWJKoXEUJ1TeP,0.09174658
1PpUEXStpidG3wrpFGppFrEeBjSCiMAFpd,0.01342932
1Ejb7qK4vdBNFjpNmZHMNEZr6u82f2YhEb,0.03801872
194HUJijALohRwfcP6gMjqhLQToK9KePsz,0.12214353
17UYHTUEeJmDzZtPpsmqLhTNXEf7QSUyjs,0.18593
1CWa4PUHe1Pwd13LRPJV3sXUqDo8Y5cTWX,0.04941692
17Z6hy2qQMSyob33uA2NfGhp3Edo7TXRnm,0.04955622
19FB7vFKKouacFbUvs5M7PfMgPmpwUqbBR,0.027
1Cim6JYezmZXbLHfFCYdHXRmZo8woJTthC,0.01019441
12E1s8tv4EENRyRMLxuWpHEY9isies3EWN,0.1996124
1PB21wpQZQe9CRF4HURj2vCfHHnHs8Szq,0.07382055
15ZiQji3A9C6vPg14mx7Ps66Cs6ygT1xFP,0.0448486
1FAwQw8tNUwiJ4De66Ss3MK56SK1FGATsy,0.22627458
3F5Hw7kYohdy4FAPrHLg9UC7ewN2CX9v3P,0.00114366
1DnbRLAoorkT1gWc6avoY43RmEL1aEZ9ET,0.00136748
1L1b46xgAmL5nAzJuZPJoLL1BAhALmogUf,0.02819785
15V21ND2oX56uDaKTAvwXuyNyEyc3quey2,0.267295
17Z1NZXzMCMUQ2wpbXY9uQEnvmqwb1FUmH,0.12380301
3AnxSAyLd7DYtzR9P8bY6Np3MVf5sTYbvy,0.09143
1C4JyQx2jHhF6CDfMNXzjM76gUkXRzaD2u,0.00288875
12DkRL1ud6KZXEXgpoHJZDkeWhMX3BHXgR,0.02633183
1JwNDsPKZAKhbKHibG3YYy7qmTZWwiFEoh,0.4678
1JgyUgtrzfeBdj88Dgk1bMaKehoccaG8oy,0.02482505
12SW4NQEoPpys52D6MX4B6ZgkCsfor7QCJ,0.01885242
1B17gWgGwmj26CDUTUCYMGb2LRFEHZP3Bk,0.00105436
1ANWE4gGrujw1H6sfa8XggxjYEXqxeN9C3,0.00973498
3KXz4qJZaUTRLx3poDE6xxtGCw63JJBfxg,0.2066881
1Kf3zhvssprycNRA1TzJQa32kUy8coroMA,0.03252926
1CGSxnjPSMf9BgzsGFhdWBXHFc2trhL8za,0.01404398
1H7KMukHGSzbf6KaJFJikv2XMo3P2rUVbD,0.04873501
13CnNYaTKwSyrc9HMwTcPtnUE8nncGJ4L1,0.05943532
39hsFYzhbCBDtg9iUCrwCPBVgh3FwVPN32,0.49961314
1P6WwyUYSHaeH82GmFjC69FP6e6SBFYvsL,0.02821437
3Gm3FfdfXNwCTiGSp9oZBxmUoZVg4s8P3s,0.1778127
1LoMRn3zbKSeakANZtghmdv2jEzFvxWZYe,0.020704
1MaEN8eKzHqucJbCAWFBQsjpcAbqzyJ1wo,0.02028566
1MkxznVUhjgrjGCTuAXjuJHbSyThPjqnM8,0.04227227
1H5q2KLiNKysrY4nU46WyaSTzsAJKc8XZx,0.99961258
1NB33bF89YP1vbEK2wEmvVyh9Zv9hs6xYm,0.14192283
1E4GUiStimLcEknuVopxpwi4JU7xiNLgyy,0.05482988
19T5by2do3x8GtRJ6Hm5awGMztJ5VfvBk2,0.05730476
1C43L3KVV6hJsHV7QmVqBFF9b8pBXiJR2L,0.04622546
1M8QeHe9bW4po7i51UiNJ2KKC2drGPc2Bm,0.1094
1FQs1qfcLjJaCT1s6MiLDMtuQBG2xGtZjs,0.08375805
1Ekh4kVNkpnYq2jye1esDtkeZoSRENsCfX,0.0223
1QU2CS48umJPgMYJU5TvtiGHyfyrq6a3j,0.03136806
1EusttpGKFfUCauCkus4jL75Xccn7GjR7m,0.03259568
12PK6pw2MZYMkEwQbTkmMrvxT5WbPF2PFh,0.00781001
18vQwwvnAnsfRAZKps5EBaKqSwA2TTQrvF,0.0053497
14fBY9CFr9EPHze1BC6jKoEfaV8PbqyXyy,0.0294481
1GmvDU1kNFJvKPDUUFb7frFQdy2Fg1PmDv,0.0123703
1nm6G1r2F1XkECPkgasoyGCGgGaKdG68u,0.01115641
12ktEDWcNa9F16jKuKLmJtRuHHj7ejMi6L,1.09
177qkTVXRPYQbBrpmnMDWodV7uykNYouBU,0.05734438
1LAdFpQmTupodMZH9E7HriXLTNQPRUY23z,0.05871563
17K3K3jxuyZ76nyq5nh5DDbaCTD6bdDCqg,0.07808406
338VLXeeDJqDE6zqee2CEAJYLC2uKkpy4D,0.016
1HjpcbvhE6t238h54X1JCN9ins6cpBzAR5,0.01696032
174ZvWZ1u79gJb8nAxrZdXLKBJPybtxj8g,8.649
1DGioWv4kNtzZwZgb1NSXjsQUXst8HVWYc,0.0295495
1LX5jsQdZoGfcsBSTQTdxr9i5fKy7Vmj6K,0.02893932
12eSJ3qZUnGjbzgoWqB5Sfuz9rbJEB8FQV,0.02288351
1NieULkEjeJLQDy7hiydZUxsTo7zSH4jxf,0.0001
1Akdf9uRPpjnboRniCKwN1NCXXwA9EUQMu,0.01780267
14TVB5TEBgWh1f8cokNram7b9S2JGzqRWW,0.03114923
195wXoRDNJHKPH1atXKk7DS5wQEbFCMJ2A,0.06961258
12t9YDPgwueZ9NyMgw519p7AA8isjr6SMw,0.1707512
3CQ7ERjrvV9YszonmYXwQpE66rfMSaTfmD,0.03431011
3MCdLv2phJte3GhWHVnMk8PeETyKb1xYJm,0.00388434
12t9YDPgwueZ9NyMgw519p7AA8isjr6SMw,0.34171679
1CwqWQFsVGoyFYnhLuhdPXksTqqMMrbHPD,0.00441262
12t9YDPgwueZ9NyMgw519p7AA8isjr6SMw,0.173019
12t9YDPgwueZ9NyMgw519p7AA8isjr6SMw,0.16991694
1MCComDpP4ynrxthWJTMrqLZw9iXGdGLw9,0.00654263
1DGc3hei6g1VGk7Ci1BMmroSVNAD461xGK,0.00139
1CtrYKs72pscxeezocXDuyKvY4DivYCCGK,0.01736867
1D9n3cQZs1H2aj3AQF1fE6NV45Pk21wzyk,0.03017198
1BcA6aNqEapfXyT3BaTVc5jnvg9czg5ZzP,0.01162396
19drRX23NuzvE8GtM2gAHNXsn7Uko94V3J,0.01440238
38pFGGou3fsbU5PFZ8AEZjEmDRtjXUrcAp,0.00880282
1A2tNNxKHFZnyYgXToeZr3ExmD2MpvRNHy,0.08844
1GMESeScTM1FXuYk2DLUGxuwY7ju5G5rk7,0.0297322
1FkxsoJ2anuzqeyGT6BC4W3Pk4UUfDAgHk,0.0695
1JiAFVPn1NwvwHzDF5nhc4ETzFszAjMFGG,0.00774072
15Fz6doGrDkfdybpNBtZkceiivnv8XPLqu,0.49113176
1J43cdNkdfPaWjW8ND7mHW7QKp5pDN8SpG,0.01702623
169Q3CWdcAG3oCaz2fFqJXuS12cPLWF6jf,0.01954661
1DHvA5sdMuK4n8LWBmi7CSAJ8JLYPxVUpW,0.0243
1MZR9VXU51eNcDrbK73hcxT4BpzZeYmwk4,0.04237506
1BJF5nqKEzdUgazMGhQfVysxe6S6bWa64f,9.13767803
1EvWT7EjifPm96fk6bcLjusFVPim7AHUkh,0.01454
1BLRykb4hyAeat3AyEE8HQiLvGEPUNHKGA,0.1
1PBBsR4mhpfQnAZmcRFyxzNCb3mgqCSCYn,0.02761048
1CWTpGQXcLrFDUqxESUvZ6Umihu5UH98fZ,0.01022066
18FJ9RTGRHs8EXbtTxgBBjbjnSfrh7oj2c,0.09961358
1hF9N41gX5BhKx3hGJKT5T5NZAWhs62DC,0.79511753
18yobSpAfgRZXu8EBTqastEn1XDxf3Tf3W,0.0059
3JjiqAh2GF8PNNmh5M7vhVRP1V5xpQCkfC,0.02710968
1BXTAs2U5J3DCj6ZrwsodFBzEGvZyyk8nk,0.001
19ekXPwRH57wdGttHa4awcgYsfUYfLKDyv,1.01589915
1nvGd44yYoW7Dcg1Vxtx821HQNWXsYX54,0.01361891
1G2mUv3DhXeZmdahrKY1Kyagj6zoMnEUmC,0.00604193
1EGGEG7Cd596JuJ7cEx2NYKCJPA1Df2Shv,0.00208484
1Mbe9W7kZeEXXAmEaJ9WntXhtaTzMn8Fxi,0.02564695
1LXpdchk4tfyNtMn8wGs5U3kBAECPsAgRP,0.00329065
12VWZHJRys6HF2DerWMZC8ivLh6aDBKYp8,0.02440555
1MuBKULMd2ZayKgjR97BMoMVzhP2dgmj3R,0.765
1JfWvT4broRR8HkYvH6sgJ9KDJXXTNmPns,0.02
1CT2pZyVajrVRBiBeUV4mNZRcQKGAZP7GF,0.067
14J8CxADNhMEUnsnQdnRnu2XojaPGV6onn,0.01593
1AHv4Tq82kShcDonpYUFJhMSJw8xKgV9as,0.01242899
1J8n7fsQfHpf41a7ar15aVDuGySE9ndDAm,0.02971965
1CAeP1BzHtiPtEJnpC2bEvUejANepcqG7Q,0.02699
1Hj7pevKGpiYLmifwaKh4qN2wSVh919UGN,0.03858332
1PpoKF8t39Q3fRV5sxncM669HHfZ93rzF5,0.01159804
14YQhDD7dS469D3LMJsA9xDYLwaQH4mkQV,0.01297712
12t9YDPgwueZ9NyMgw519p7AA8isjr6SMw,0.1757569
1EMcqq2kr8dYcFWV114WYXkGp5EwYqfvjf,0.140539
1DukygMzUQvzbFKzWzHdYYRYrwk6ND2LXv,0.0008
3675TBp4fVvs9n4YojxRreAJs3ipMeGFeM,0.00078146
13ndFFNYBnMswbL8HmLHHqHDHhnDT6GQKD,0.0116153
1J5YYkT6bPNh6DEytA8VeenpSZHDnufJ2e,0.0286
1HR1qKL9mneHeS5KsyktVQvq2cZ5s93U8U,0.075
1DFdP3yNV5Pjsy9CcLhFrUoTNeJJN6imZi,0.0129
15kt2bhNtg2NtaDoacsmkNM4bLSvNgrWy2,0.01420078
1NBmW9Y1rRwrjE32ePMPvXyJrXTT8mmTV5,0.01050159
1H3DhdJwqWBzikSU68eqh6Xt2D6wxKFY1B,0.06101029
1PkQcMPTn8uq9mcwDpiA1hb9rLKKZ59AkC,0.323584
18ULt8qT7jxs6U9H54RFAhmZYgGwqK4qN8,0.02964354
1MpBprAXaorM9czS9uhkoDYrWZtDJtCMQ1,0.2
36cyUSRqGziUDgKb69d9VsSehTyFKUhcHt,1
15QX8GnwmnNjKUQwG53hz9NWeDs1VUUmWY,0.00966712
1QCooHbBM1riFhoJjt3KnPBaDhv6ERSwNQ,0.02512624
1EQjtrYbtCdscXpMc1AeefMhNQmDppfaGo,0.0286403
1Pdf4i7e4dWZ6dEbuzp6WPVS2Qw9JxVrBn,0.02254849
1Eyu7jq4RATLD4S9Zt7wyfXW4v74FL9k2b,0.16875606
1KjooHk5BQf4jPfuRmbsweXb5XuQEGs19o,0.02
1Eii86WTEDZqdb1WrDVD4gS7YTCsDsCw5u,0.104
133aG8XX5TExi77myntaVreKjfBDLU61PA,0.00976825
1FrATYrNSXD8AtkLz24zhtydBv7hmPVosr,0.0563105
197AuJkpgRydSAfo28QnDf4XnvRpgzRNit,0.0444972
15khijNZEDxrbveaAKmGGdYiv91tKjtRtX,0.01043872
12dKSFzinWJnVTwgiNZHWi5GpxrvUvBkyz,0.02985244
1Hnxwpw5ZcM2uMSZutdH9i2RZ4Wajhfsdd,0.00422
3H6rc9ZJnxTi2VzzVAAsTnAMnuX5P39onr,0.0001
1BQ9B1hz58tR6RNKr8YuBaw2utg7tqUPUy,0.11739613
1DzGB6UhHDWbFf8oZTakgzDzEZ7R9uxns,0.5
19MkXA84eBkhMWLw4ppebUQrenNUwWCJyJ,0.139
1Kjr8kEDgsSQC2VKWNmmH1KNaGLgw8SqdJ,0.00035956
35jQ4D1dVy3JvjCrbfziGQeroKkiEhu1bf,0.0204
17dNQu2RFvGo9Hws2fjxrizDmp7fC473tw,0.4494
1N5uvSRZb9CNj2c2te3bs5Gm4sihLEdx4h,6.38369863
1NNeWh6ji2onMyRZqLcbvRSXZRVTLWVq8m,0.02
12t9YDPgwueZ9NyMgw519p7AA8isjr6SMw,0.3695
39HPWcCrGX2ofdtihAegrg4LcDW1NZCCaV,0.0018
195sB9wt1Nwqe7CH3TdUcLAhm45AAe6sdC,0.0044
1KQEjpNhxwB66zHhrvJUCrkNg8KCa2XLkp,1.13655866
3HSEiRt6AVkbVBnpVkMkZ2QXefGJYVCBi5,0.22063765
1732kPshwAeyiGehtZnuJPQAfJHRmxhgfG,0.02603583
12t9YDPgwueZ9NyMgw519p7AA8isjr6SMw,0.178251
12XgRbJewG2GYaY83xAY6xtFpymig99h9K,48.76045212
12t9YDPgwueZ9NyMgw519p7AA8isjr6SMw,0.34
1CX2GWBFKEoDgdVW9dPN1NyJZsRNVYFgsF,0.001
15PQJxeVV3Gepii8yavtFDtJ2YdCgXF89a,0.00021741
12t9YDPgwueZ9NyMgw519p7AA8isjr6SMw,0.0002525
3F9XpjvSYoPQaBgk3jc2Wbnu2YTgDCwzpv,0.019
12yyUvxEqW7cmL7N1bW4fMLzp9AADfQoW2,3.69785
13hiRj3hYJgisZhnqYiaHQgK4n6zyV43ay,0.01071636
1FJW5MFJ5vQBcNUXCb8USp9U87FLwEyNjS,0.00303096
13Azufzs4cRGVe97xojf4DuQAVxiBmaUte,0.0495
1HHWNfCezCwHwwghCJ2o1JMaA3gvCK7UB9,0.00457835
1AL61Rft88jVwwm1V9EQ1wDrA4J4VXJAZF,0.00582605
1PvRu7azSHGkBfZYQAksy3hJ8nXuWC9NuF,0.014346
1DXCs81MuDb6zVSPyCN4sKP2smYc4Jb1wX,4.67655366
1C5TnuCNEgtvUDmC77sBEkCqFzpXpG3ajM,2
19qiEaFQPhqX9P5UmgYsmamCwg7xG17JAD,27.15116326
1G9TTff2ymXWShjFLGxrd9QgVshcd4AkJR,0.01458738
19uYbrcV3fdveEb4dexZf7gLE7h3SHcJv,0.08214919
1Jes2X1d3sqDmNTQHXuJtyKxWhz9WecQaW,0.05411928
1NZyPekhGQ9qXyduRAHZHgH1g4DpUnAaLK,0.00634116
1CT5hjqXrv2kihg7DRmAqsucoTuBe2KwoF,0.004
12kDE5TEZGPPnbqAMfQwmQcZm4odL8Qt4C,0.35
1CsqayFpQuZAE3vqA5pdKqB2jNS98PtXso,0.62598718
1B4aLiyjqPBUeGwqwbWF9FrZB88WzjAroS,0.006783
15dXTwEnPVrYmSDuxUU7sqTgE4SRfVJTte,0.02225242
1MNQJ8N7TYuW5ZUj3mYE3nVZGo47SPpjc1,0.15852305
1EVZo9VVDS6Ffptmx7m1ukcafmXzhVaS2J,0.16195806
19PJyxodQcXMQVoPZXcWG93BSqrX2ncYsj,0.49894623
1G8Xs3eWHEHEWsjR3ecudc8pmRLDtNVKQK,0.08919684
1BMjn6eEPUqy33UBNqCUdTvPjAak4DtbKQ,0.0005235
1FTDLpFPwGdR8dNE2CUqP4TqK5dxLbb5qD,0.0558761
15BELhxdtvLqvwYMfDAfhjLanwJVgmN4Ya,0.0536142
1Xxhy1x7J4hLQThaDDCwxjfUyKYrg2E8F,0.03064355
12NKPDKo1Reewp3ZAtMSaLCjfz6jHzXuMk,0.01036949
38e7DUdmoWg1b3sDq9rqkcyd1PB7ofZNJt,0.10322
1BEv8Yhn46upFQBxMuUAR4nGzSsJSNRUQJ,0.12542477
1FoHjGVco5SnMQncrJbkXs8SfJ3EjrXqdj,0.00493289
1J4JGzYE6WXFyo7WoAFqtn4MhcDHAvjUoY,0.01118018
1QF7obJFw8UJraqdeM6dSaivcoHJ967KLf,0.00792792
148LRn5SZ83gVECwuavnTrBsTXWzpvLfC8,0.022
14o8LN1bRKK3Lf7xusZuwLquJcyCcPZSoC,0.00677817
123fQVU3UUyuKbsY2oRfSbiGAexWA2RAvp,0.022514
12t9YDPgwueZ9NyMgw519p7AA8isjr6SMw,0.004
1HNQUgaPMoPhbLZW9qPxYfjWti5KqUCWGf,0.04041589
1Hbp6bvjvYyRQxp4BrsKZxu77kGzWi2Jx7,0.022594
1Fps3agwNhUKhRqbGtkdC9BVDebPMxQs4q,0.15062893
18zif6wN2crfn23C8egPz4CWD8NnqMM45k,0.026
37in2hRHxd49gfbDMK3p1Ft1R51rwjwteA,0.0052963
1FQiCf68xLoq1bm36tvJPJfHMMjbvj7zmi,0.02124838
1KRKJsAD6Emh1mhM9tekyiEL2wtw51uUKe,0.0046251
1BrXRVkhyoQEWcEP46GRKg3XomaNHAdSs4,0.0218315
17o35p1kxt2FVCvhUZYJoNyRqUrRgxuA5E,0.09775124
1BCxAjZyHD4WEmjuFRv9WhPmfgMTYJm84f,0.00176393
3CA1DwBod9T8KLkVRSmpq6ry2N7earSo7h,0.3329
19cM65PdKTigoRE9md6D3cMmUeB4KBefiz,0.0228805
3Grzp9eqAcYCNhNaJzMPfs1cqwLbYfvgmh,0.03
1MHxMoynToXukjmXjSV1K9GTveVXg7jaRt,0.040894
1Bqj1FXvFPvXQFZyqABEgtJMH1EqkaGthr,0.0039
16odKL6FWiCktVtd7RRETRmExToaVn77iV,0.53457383
1AfDkmCMszFWhGQ6KaJL4wEdGd1z5npub3,0.49127456
198LrZJnXg9hecTtKiL2ZdZJRrmy2PqjXA,0.36412378
1GmFFZ4wdAScVRLQ8YS42RfD4ZfmxkcJRh,0.05274385
1Q9hBmQzPezdxS17sHcKmg7NTvtTF8RpRP,0.02640783
1ESiiwz1iXrUE9vsCryXVqk6WKwN5s36kZ,0.0117
13rf5JAzZrY8yN5gbn56wuaocEYFUhbrMn,0.10637036
16oJUXqv1qzzWgmUFidjHU6EyjLK7QLs1E,0.00416422
1HDmFpkg9EYZmhznzVDmAWjcpqWt7kX3iB,0.01071724
16T42RCAnbDEFivsvuim9LkJYcimGBBLVt,0.2918
1F1ZmAvYA757cKCNwa1ZyNZmBd4fLb3gXc,0.01735
1Gf2NDBoxDP6GBUTA68FNqy27UMno9yoAK,0.03313389
1EJvok47vhFM7En1soqDFCqT4EzUKEV8RT,0.42792423
15D6KJDeBEkXLHtGUDpfpUcSfQnW7rQu5R,0.029
188MivpoigU21AkPpAkxcYUAq2j1EjJLVk,0.0224
1ZyhRUeXhHBnxkEC2bm8CHZzK39PCXsCW,0.09535437
1AR7up1fmAcaV9QRXi2te88j2xEpfgN7Uu,0.10509
1E7smdGhCaAduWuUqacL81awVLgugR1Usb,0.12
13T23Hvb51SyQJtQvTaHTZRKZ4cp1uw7B5,0.05294
1BAjFaxNX1HMwJLBcuAzRWvBYuPukYZvnS,0.00585501
18Ed9qKJCMRMB5gu1LhstMFmMu6Q8tGBeS,0.02347363
1DiVKH2wpXm7bCmNWo8ww8hNgCeMJXS3yZ,0.001
1CKdXgADNyed8Pg6WNjaPVXPfyzBWDEoMw,0.00053538
13AdKLZgsdms49SAp8vCqhtWPA3vfrg24i,0.026
1F7FTy6YHcUHin1VPJfA2vi95VwfBmGYoE,0.02235
12mHqaCiodS5tiRe5Udrv8wE5mQRa1K8WP,0.04200244
1LBiYt1wspNnWrc5qtQKx4Z3A2vrPQSGQn,0.01939
16XgrEeF2PmbfawAH26geBQ18wPGbXZVSi,0.003645
1NAVjPNGkrqRY4xd8Hk6ve2a8zjmYnmuHj,0.024
1JCKQnmComtBX9EAhy6UksnpgPaACD3Vmm,0.02828671
12fdyRhdEEkx3Jrj4SE1rTMfhRUewMf118,0.0137
1PBSkh8yu8CUb6zBSLwxnFdo8AnjXgh4Mb,0.31658258
1FLisRULZGoLUSVjqnuFitqN2PmnSm8qjp,0.01937581
1Tisn5hML4j5N8hm6qzkwVeyTs1JJ6UzJ,0.00398559
1MxXsAwudVKyK5JnKRFJUD13i959DEbrzw,0.00149693
12t9YDPgwueZ9NyMgw519p7AA8isjr6SMw,0.00320716
1EPLVtuXC8NACXA3kapzkfxYgJqP9E7MDD,0.24071294
12t9YDPgwueZ9NyMgw519p7AA8isjr6SMw,0.34218706
15DZmfeRBPWcaFNBGAfHb5tU5n6ZoccqXF,0.26902438
1MmbcEEcNp9qv1mkPi1nAqid96Mnn7jjQS,0.0169
1HMFi2Ez6NHqxC6wNWLfGFizbopanzNBKT,0.01160867
17zk46iyStm7VDBUjio3MkNEbvJ7VcYgjg,0.00910791
1JPXYX57YRmWwwoM4KpJCneFAiY4WiN3qy,0.10274234
1ECoqXwc6r7EtNAiFmXjKez7F6Gqq7Rcbr,0.00678496
1JxFFVnPvxcd1YTpGh6XkBQAWYZG6PSDYu,0.01501171
3QS9dLwAUxapQdvapD2t96oHhzzZjeVTJv,0.0122753
1QAke3kdyJzXqgMW9E4RbAb3X7aiNfsrwW,0.00056043
16u47ap1L9WQAZ7H2VF3YJ7TWosoK9dWmo,0.02858841
19KCB8NE53rg4ZyUFtveQNqvTtv3B6hpX8,0.03623619
17KorqBc3ebTdPy7dvuKt8hu9WR7ThJuDd,0.02848811
1kkHPz6ARx8jT2x4qY4QV5ihGhrgPEMFb,12.7422
1JELLfcfk77CoLchhK96CZh7FEpt3PVZuw,0.02144562
1d2iieS13CTPC53JRWFhAg8e35BNP5s6x,0.08706504
1Q9nWFFfRdgzbfsyRY6LzUrbBdakPsrgTL,0.03
1PSyrF5swgrYmZu3EnBkxjYCwGYyxVEaZH,0.05804336
1FtvDyMeDbWpj1tsRmbD7BZGNtvwQ3gxRt,0.21931247
1E29TrNkEnkAjBE9bf7cnUMRtnPbfQAqvM,0.03215602
12uySuYYUt1ALpFf5JMRTbJbndHcoWHTLy,0.891
136uTE1mrUFR3tUffhDitbKGaorc9oNqqY,0.036076
15gXgV4257WdSRj3sViFJjuv4HLcTrWHsp,0.00675324
12wKCRF4pP3KpgmerBckGLAfQdhPa76T9J,0.00429521
1HVNU7W8jsPFhhA2BBs7ZQKuHa2Ros5LAv,0.00464347
1H8gsdQbFuSTJyajbbDzVyjh56A5BRx9Yy,0.78139963
13gJAYqDLjzjYRd5KnxA7rG9WXPYhP3uYy,0.09957411
12VaCPB7SX9yyFmgNxrS6LxU1cUNzjpRX4,0.7326
1DpduvGFguWNpH3atmUwRzEKSTwFS2Zm5t,0.02251756
1EddY7daHchDwLPUW3FUjDzq3MVBMaiqh6,0.03415977
1PCqFyzfzb55xSL2DVjx6pVWCMUWYkew2e,0.259
15jFTB3qAwk11VtXEJTMgoppfMXcbmvQo9,0.07577562
14LKNJeCCRo4XDB5AAEKS9k8GUsMwFLHdB,0.02120665
1N6NAWvb86oGQXqGHpeghnjhFVgAQXdFuG,0.02131367
1a9kvJvtFUJgHUzCqHggg3YcGj7iDRRWv,0.01430596
1CK3ErVVG7ymKNsZoRjbxwHmCMPhFy1ZRi,0.15
1HkHrLTxqsEZtNyjWKBYyPM3tHuzdksr6e,0.11612514
1A8hWHUhXJZJqzhvQpxxmnnK2DBnRbzqzW,0.01108597
12t9YDPgwueZ9NyMgw519p7AA8isjr6SMw,0.35
18bpbZjnyFvJPAWL4u45v4chELwMgjpHBD,0.03610139
16NAR2pT9X2AevuViV93FXESCwv89BmJxD,0.01933735
1BMPghxTQYjMSXU4eQ4c2jLPDReQoiAvKg,0.131036
1F1bdPbqFmUzepSPnfKz7cD8Yowk7sPHHf,0.01439229
1EvLT9uDbboteZ6Koaxm2TB8GXZHEutctS,0.10558
1JyTGM12asMipaLiefEFpYv3PAmX8jfbXT,0.182
1NXx7DUw8pDavfEgHedYk41LA5FP8MXVDa,0.16227362
1PQnRRq17JybQJD1VKtE8YCtcgaDLHuBrS,0.06042079
12SgBhst2DNjrbj5Ep29sRK6yBDjLXkZWo,0.0087065
181JsnjMgvA8euBrrwcTVkEWGW5yLT1DyQ,0.6342336
1HbDK7yWJ1nJoN4n64nZk71TZNLSNm4BuW,0.05804774
1LuDVestekuny9rFxK9iazKAZjkWdTHwmC,0.05005919
14DnZSibJeM9kZjF9LLmtA7NZdqtZEY3iD,0.035
13nFQEiWKTHdtjvvCsEJ25Xv96SVgpNdXh,1.54223024
195oJ7PyjScd4dm3mRStTrw415fbPs5QeV,0.0056
15gr7BuBwn2EWfxbCRY7FXXdHrUMLwdRmq,0.00319206
1DzKkTG57RSGVPBVjvPjTYgdqEKerrvK8H,0.0704961
12HJCkVyQtPjafQst8aptZzWRxWcZ2XVGm,0.00757064
1Ub4HRyQFJmpJahWkKKpeem22cH3qP7uD,0.01438995
1KcqeqiEsWM3cs7Rdsq8JoLwXrKux4DFbX,0.37728183
1BJ8RiLR2ek4A6ungn4caQWYQQM1BwjwxL,0.03482602
12PfDKHA93E3MhcFrmzvTH3ne4UBX4eJhE,0.00255881
12DDJwBWmCqAavytEL4GoWFcWx7mspJN1R,0.05609073
1H96m4AAFoau4HFQSAFFXcmEApvHNt4R4V,0.0058006
1PvV9f84rX2X1Bey7eek5o85k8ksRLi6qq,12.96257411
1MvMcTmoeXY23q2YmJD9ETxvxR5Wuy6D89,0.0982
1DcLpYjNiXTjfyV6xfomyykL8tCWnoJwKb,0.02321734
1KuvAF2enGCEKuYBPwREBnuceLsdGizYZF,0.01414587
1Jom6XMRcG37mmB9HqHRV9ATgpXefV9wcX,0.00163091
123M6UQrjXkxjDNjri2uWo6oozrAF9qzFB,0.0361
1DTsRAcF8ZjUoSWycE2EwpMZCjmkbcv7kX,0.53979344
12UKsW2mXGDbFxxDdj3DRnXer4PkmuVdMo,0.02627048
1CZoHh8Xkea2ggoMUVZA3Z2pA5JfV7eGLC,0.01439
1EUGn8Shookckk2mtgtxTYPpejfk7zwei1,0.136
1DPTPjXkc9XVQhEjAsKuEgE1B15FG5yFq4,0.006
1629mSCXKGjP8expfL7rGJPFwiGzCHAaRJ,0.010568
1KryRNXhjUxZn4FPg6WB5cvTvXhV7wzYnt,0.36012937
1EGfodmF4ewzH5poTcsMgbN9Jpm2N4e1a5,0.00866271
12RTX2BEJXKKTJtf3LahBgF8NhbojsTppG,0.38634676
14zz2f1pTzMH6A59Fijh3iNUeZVqiBNt5x,0.18006258
1643i9vPAN3dQHp3jfYSXr8bHRWJYhqQbc,0.02022511
1PpH8R5XxWYMuJKDA5gUCjPamc2cCjaWV,0.02306803
1CBHoe4qszWhiWpvCABqBwkbHsh8HMkrNR,0.009869
15Hc5Dgq3DbYzKJNhkdSSTMTMSZqKBM1vc,0.00324309
1KUuqZYDK2s5hFq2pfg8B8g4Fc1kCpqPi4,0.0229
17jH4z7txS7FunYyrDa265wj13YgLAVYLq,0.05123898
1D8rcySQ8BDzWTnyGmtANAsyotBGzhSJ2R,0.51
17BQhrF76c6HzSXHz7oNChvHJQSEaPKzzP,0.0001
16ACzovDy6ak5rv8XFcsWzCHGp3ABzFAwE,0.33
12t9YDPgwueZ9NyMgw519p7AA8isjr6SMw,8.1E-06
114514VGbF1xTALpUzCTUz26tsAeju8kyL,0.0095738
12t9YDPgwueZ9NyMgw519p7AA8isjr6SMw,4.813E-05
1GBqVQ93WW5da73oaBP2H9o7rgFaTub1ad,0.00725554
14aNye8LxhBTFumXdFd7LGUBGoqw9FwMaL,0.04209094
1FakgL3uEsehRMM28DxSSnfS66rTu6qeGH,0.02210483
1LZ2gbEGNe3tfFUkWzRJaqFG59xBgmaVvQ,0.02330984
1MHNPPL14F4PF2UKfkHDvFH6w39ngjFgu1,0.05
1GUgC4VLgfs5saPJLj52UfU8ttT4WWhC2p,0.104
123S8S8BvmswqJ1pELNgxmK9E9hdpNwuH4,0.0619
36zoeQ78dGG4xaCwJmN9JXgwbR3iiv9QsR,0.04725
12yxZRPe1WGW3ZDJ6DmJSnFW1ZGxkEbuiv,0.00748815
3KjnDxcrQBjtCsFdDvKa7JVx2tp4Zo5AB2,0.01238058
181L4VtybpuHuejRcLLTv1nwDDYJVHm9fC,1
19zXkgAw7wJ2i45YjmfVmSSGS4GaNbYZYo,0.0053
1LFLLDgrnZ9wdWxP5ytLeuxRtBK84YZ4T9,0.2285777
132dkuaX6coAyZqJGvS72MVvPArB7P4sWf,0.00053
144XvoTVsWcZAFxJ3Vw4X4KoziTcU4yVc2,0.25
1K1JTsF5dsk6gnKursZt6Rv6tDTV7cBeTN,1.19938373
13Kmwg7n7jAPuSMqTXTFYxZmLTRD59598c,0.00288659
1MpjDwMTTtfZ9dCVNTqmKjYjkysAFUqgvV,1.18962716
1HSg5NaT1uLDjbfnE4qBgE97RsbyQ3HToT,0.10381108
126yvsE54G4jYjoyRFtfYWbS5a6xJxnRGC,0.0126212
18FisYDoMhQgQcyEGqBFUqWKcg7Ze6rK4V,0.0314
1Lmv67FBhmJJtuM8CJw1km7z9Qn9Lw4GaH,0.01441098
132jCHx1wLqAxqQySDYgDHPWXREjviy8xR,0.3
13CrLUHQK8XAicSL1J8SY6nJZZTmoy8BZZ,0.06
39UzV9zs4PfFoP4yPm1afmxtKXAtfH9kNJ,0.05913087
12HXzNbYNxNaE3zWf3Y3kKXfU7y99zrEQd,0.574
1Q5uRfniRUuVjHzh6oVfwuMXAKVmFPYREE,0.34639032
1DWMuAnZn7GPyLDggXk2aSR62f9vPTP8U,0.2447825
1BvNhS8hWa466skhj52nTABjicegKvK7kG,0.00684628
1GFzCubVi3kUb9rUQa2WL8rWX1Qyo92Bnd,0.00913884
13mhLrX1AKS43yk27ncnHzJwKGfPC74DmP,0.9758
1FKRBg1QsYLwcGySU4aTnCt3LmA7izMJDJ,0.0211
13EaKn7t8cxSVisXteMHwUcg6y3t7HAQ7d,0.04271583
1M79n9n2kiixW4AZ88pQxVhYJp16gcVXbe,0.04622597
1ArSV2LXTUx7opsvoUr7peEtJDNAqz1ih6,0.07223482
1986udY7GzG3kV19zpA2dJs5kCxGQ9fmoi,0.01263774
1Edkf8GqLCc3htfGXVEcXaSR6MXtCte9P9,0.05773172
1CnixfK9dmvKbLdjTDLN3BpkPXYpXBmn6n,0.00365651
1PLX7H27meawnRAEoDxQpxf1bmdjd4Umx3,0.49915626
1GaTFmwcuwp67FWHWdMtBentcSFLdhbGhF,0.18703553
18WngQ43Cju8vVCikUxkbds1T1XysB8XCF,0.00930178
1F3aSMvY1SWjJosUWwF1e4eMBZ13kAV3u1,0.16742199
1DxXyeJa36QRG3eS1XLydQ45rEBunrxmvn,0.009786
1Mn2W4Jo12Rsx4yzKdgpgfuDFtCgjED9qe,0.0392134
1AskgdctcHpYAEzH1KgmCCDHH3ndUvuUCH,0.0031744
13xrKGu7ppGw8MGakJ1dp23bvRdp6wv9kf,0.01976323
1PtAKXcnYGQr2WsN9RdWNTPZP4JXVtvcwZ,0.0355
1gcrvUYUyG5fkFd3LvisyQMmK9pf2u1Bp,2.64392
1FJJMPptBLF2DZ94fvf53XLr5Tx4R1poba,0.00944686
19TPjt7f2QprJWmafkTMQZJ5gppqy3bVWs,0.05528569
12t9YDPgwueZ9NyMgw519p7AA8isjr6SMw,0.186
1qpxYHfMkS7XYmb93XsPWqKf8951nzaDz,1
1QBMHxT3gUDqLdF9qKGrj7xJnTCCYNGZxE,0.0572268
15V36BUzP7oTi5j29AHV2GFFD7WTbfskk3,0.007393
15L4tmYz5M37ix5pcWszEDKED2cHm8TxpK,0.041
1NJSmQX861KBFAqRpGR1PgPnDDFFDuDq66,0.03
1F4RJM5UGv6aLAtMw8fyUTBrEe9q5Q4ipo,0.06975585
1CCYUGDTLPRuboCdEABXNgYPhmTfJTvzgN,0.07483446
3R1nmLZsmN2Jz9oZQ67Y2pgQRWxsiQjBwB,0.0304848
3MbE6u6VzQAF3HFGXVJoaJB9X93KLuiXwg,0.07759676
1Mx3ZqRapbHC7SEbEdW4HLZTpsJB1exqmv,0.02679956
14zHYMcYzZoVX3TFUrizhFvoiGSHtCJn5x,0.04973042
1Mf1ixGQd6DfYpbjsDRwVqzpGDQrkuPhMd,0.0251
1PsKMiQsrMYdcUunysu4VbdW6Nb48Ae8sr,0.0536905
1ErLAxMxZfuPP5ZhaCe9qfQ2TQLHgr2bTG,0.01935758
1Ms1tSdRobeyDtjHMCfbsAGskKAiHPZPu3,0.03418924
159UenBRpDmhAohbDor2aCRRdWi3DTCtvV,0.03709125
1PVgnKSAsf61eJhRdVdVNUuii9eZScTgVm,0.019082
1DAL7SCkmLWodG91g9uTsmY3icdgc5N4mf,1
1KCepsz7emEgBMHrgjoPxN41DUXajuXydY,0.47927367
14Mv3wtyhvLvRUJrAdLR1fsGjrZhxo7h7c,0.00056403
19beMmdhQYJZLF3JoomjNYUriWZELy7iPd,0.02957519
14gVK3QpJq93bTNyGsYQfA5dL41eQPMMow,0.14734024
1D1CGc3ZaK7G16muY8eXHBty7g4egXd8qZ,0.01809253
151dV7L2M9HMmXsECCc9Vc4BNVaG7eDr1r,0.0286134
1KkNp7Hux4MervsqEifjkjy96ihNhhGYaD,0.00102191
1GVqSwyzXjFuhjyi2poWKogKQhP7L1H9Yk,0.29910089
1EKBeLziYq1L3jM7HwTRmCUNNU5DZPGkuj,0.02131969
13MHrmQJPQXkvHxvPM4MaLkP7TbUakVS4Q,0.03302965
15LkvEbpWqoYfP8zZMqk8c34koXaxeCdzq,0.00057665
16jBqKUmZXx48QDCYCEZQSjXJEGaPcwHM6,0.0203
3A88Hcgq42cAgF3tPtYYD19LH6YzLwY5VF,0.0011
1FcceQocYREnKBkohwyTLjnsyCrbEWiMJp,0.71631319
1CpBgDcD47x5jvdqf8B4sg6VWxnm3iNKCC,0.01192697
1796gH1WwcremYPWinV9NNWeVixNWUmTmC,0.01468784
3LfppeH721ECRCbDfx61vZi5Dkn5L9TVSu,0.0062
1KG8GViz7opy79LrYn5r5xpB2y5XMRHexk,0.01154634
17EHry2mhSBj7kqxhxNJsZ6HNDgSTXSzwu,0.0376921
15p6mETDanXvLWdEac8zeD9Q4yC6BYnjrF,0.1799764
1PZnXRwif81aXG2AownoTmfu8qvocjWGot,0.00616596
1Mm9Yrt7vyE5k4eCmbqMpysppB659YF89B,0.02239666
148SssCzCnAwz4JXZnQ816PnBQ9TjLwWGy,0.01386771
1Btnp1bzugo9wJ7DpoxJExfgx6dz9ThaDK,1
19F2SUcTiUhuHGUyBrmEKbybANwp8Eg15d,0.09687075
18wD44yAUun1BPvdHShdUUknA6WXeCN9GK,0.004
15XMRF52WvbD43DrVcnfPCumd6e6q6biXZ,0.00243428
1Dr5MYBUFue7txeicL1gCSrDRYs9hddBHq,1
19RkhpDbLj3tFutEMM33oPcoBP1xMs2jC5,0.31841156
1NYdgmNjwnxPbU7PivCZQVx7Ld74t1cg6F,0.0022
1KLzKLbYr28jYcPUk9GPDj9ArGV7mXFd5d,0.02741264
13tETf4XNx5pyVe8wBoiMwDFbVx7HBG6iu,0.19466474
1B8UuMXmFxiAgEcDQZnh1HbunGuN4LbEzR,0.00254287
1C9EDJWhWDKYkWYb7wx8baCuwWaTeC3PJx,0.00298622
1s6ajoF15YDLcTuktnfaJoPFME9b3wUwX,0.01
38zqWrJRTxTc2VUZTTFUbYRPgdKCMrZAco,0.72164651
1EyJBtPBu4aUiwNez6daM8TvJmMUcqDm5i,0.02309269
1CavsTErNeFnRANmmy72c8ReCM2cY1Bqri,0.03719225
1M3rHcyzB5xcDDy47YpTnrTed5JS12xbc8,0.0923136
1ELy4XSuX3YPNB9mcU7Ay8WuiRoCXsutpk,0.01547715
14aNye8LxhBTFumXdFd7LGUBGoqw9FwMaL,0.04209094
1FakgL3uEsehRMM28DxSSnfS66rTu6qeGH,0.02210483
1LZ2gbEGNe3tfFUkWzRJaqFG59xBgmaVvQ,0.02330984
1MHNPPL14F4PF2UKfkHDvFH6w39ngjFgu1,0.05
1GUgC4VLgfs5saPJLj52UfU8ttT4WWhC2p,0.104
123S8S8BvmswqJ1pELNgxmK9E9hdpNwuH4,0.0619
36zoeQ78dGG4xaCwJmN9JXgwbR3iiv9QsR,0.04725
12yxZRPe1WGW3ZDJ6DmJSnFW1ZGxkEbuiv,0.00748815
3KjnDxcrQBjtCsFdDvKa7JVx2tp4Zo5AB2,0.01238058
181L4VtybpuHuejRcLLTv1nwDDYJVHm9fC,1
19zXkgAw7wJ2i45YjmfVmSSGS4GaNbYZYo,0.0053
1LFLLDgrnZ9wdWxP5ytLeuxRtBK84YZ4T9,0.2285777
132dkuaX6coAyZqJGvS72MVvPArB7P4sWf,0.00053
144XvoTVsWcZAFxJ3Vw4X4KoziTcU4yVc2,0.25
1K1JTsF5dsk6gnKursZt6Rv6tDTV7cBeTN,1.19938373
13Kmwg7n7jAPuSMqTXTFYxZmLTRD59598c,0.00288659
1MpjDwMTTtfZ9dCVNTqmKjYjkysAFUqgvV,1.18962716
1HSg5NaT1uLDjbfnE4qBgE97RsbyQ3HToT,0.10381108
126yvsE54G4jYjoyRFtfYWbS5a6xJxnRGC,0.0126212
18FisYDoMhQgQcyEGqBFUqWKcg7Ze6rK4V,0.0314
1Lmv67FBhmJJtuM8CJw1km7z9Qn9Lw4GaH,0.01441098
132jCHx1wLqAxqQySDYgDHPWXREjviy8xR,0.3
13CrLUHQK8XAicSL1J8SY6nJZZTmoy8BZZ,0.06
39UzV9zs4PfFoP4yPm1afmxtKXAtfH9kNJ,0.05913087
12HXzNbYNxNaE3zWf3Y3kKXfU7y99zrEQd,0.574
1Q5uRfniRUuVjHzh6oVfwuMXAKVmFPYREE,0.34639032
1DWMuAnZn7GPyLDggXk2aSR62f9vPTP8U,0.2447825
1BvNhS8hWa466skhj52nTABjicegKvK7kG,0.00684628
1GFzCubVi3kUb9rUQa2WL8rWX1Qyo92Bnd,0.00913884
13mhLrX1AKS43yk27ncnHzJwKGfPC74DmP,0.9758
1FKRBg1QsYLwcGySU4aTnCt3LmA7izMJDJ,0.0211
13EaKn7t8cxSVisXteMHwUcg6y3t7HAQ7d,0.04271583
1M79n9n2kiixW4AZ88pQxVhYJp16gcVXbe,0.04622597
1ArSV2LXTUx7opsvoUr7peEtJDNAqz1ih6,0.07223482
1986udY7GzG3kV19zpA2dJs5kCxGQ9fmoi,0.01263774
1Edkf8GqLCc3htfGXVEcXaSR6MXtCte9P9,0.05773172
1CnixfK9dmvKbLdjTDLN3BpkPXYpXBmn6n,0.00365651
1PLX7H27meawnRAEoDxQpxf1bmdjd4Umx3,0.49915626
1GaTFmwcuwp67FWHWdMtBentcSFLdhbGhF,0.18703553
18WngQ43Cju8vVCikUxkbds1T1XysB8XCF,0.00930178
1F3aSMvY1SWjJosUWwF1e4eMBZ13kAV3u1,0.16742199
1DxXyeJa36QRG3eS1XLydQ45rEBunrxmvn,0.009786
1Mn2W4Jo12Rsx4yzKdgpgfuDFtCgjED9qe,0.0392134
1AskgdctcHpYAEzH1KgmCCDHH3ndUvuUCH,0.0031744
13xrKGu7ppGw8MGakJ1dp23bvRdp6wv9kf,0.01976323
1PtAKXcnYGQr2WsN9RdWNTPZP4JXVtvcwZ,0.0355
1gcrvUYUyG5fkFd3LvisyQMmK9pf2u1Bp,2.64392
1FJJMPptBLF2DZ94fvf53XLr5Tx4R1poba,0.00944686
19TPjt7f2QprJWmafkTMQZJ5gppqy3bVWs,0.05528569
12t9YDPgwueZ9NyMgw519p7AA8isjr6SMw,0.186
1qpxYHfMkS7XYmb93XsPWqKf8951nzaDz,1
1QBMHxT3gUDqLdF9qKGrj7xJnTCCYNGZxE,0.0572268
15V36BUzP7oTi5j29AHV2GFFD7WTbfskk3,0.007393
15L4tmYz5M37ix5pcWszEDKED2cHm8TxpK,0.041
1NJSmQX861KBFAqRpGR1PgPnDDFFDuDq66,0.03
1F4RJM5UGv6aLAtMw8fyUTBrEe9q5Q4ipo,0.06975585
1CCYUGDTLPRuboCdEABXNgYPhmTfJTvzgN,0.07483446
3R1nmLZsmN2Jz9oZQ67Y2pgQRWxsiQjBwB,0.0304848
3MbE6u6VzQAF3HFGXVJoaJB9X93KLuiXwg,0.07759676
1Mx3ZqRapbHC7SEbEdW4HLZTpsJB1exqmv,0.02679956
14zHYMcYzZoVX3TFUrizhFvoiGSHtCJn5x,0.04973042
1Mf1ixGQd6DfYpbjsDRwVqzpGDQrkuPhMd,0.0251
1PsKMiQsrMYdcUunysu4VbdW6Nb48Ae8sr,0.0536905
1ErLAxMxZfuPP5ZhaCe9qfQ2TQLHgr2bTG,0.01935758
1Ms1tSdRobeyDtjHMCfbsAGskKAiHPZPu3,0.03418924
159UenBRpDmhAohbDor2aCRRdWi3DTCtvV,0.03709125
1PVgnKSAsf61eJhRdVdVNUuii9eZScTgVm,0.019082
1DAL7SCkmLWodG91g9uTsmY3icdgc5N4mf,1
1KCepsz7emEgBMHrgjoPxN41DUXajuXydY,0.47927367
14Mv3wtyhvLvRUJrAdLR1fsGjrZhxo7h7c,0.00056403
19beMmdhQYJZLF3JoomjNYUriWZELy7iPd,0.02957519
14gVK3QpJq93bTNyGsYQfA5dL41eQPMMow,0.14734024
1D1CGc3ZaK7G16muY8eXHBty7g4egXd8qZ,0.01809253
151dV7L2M9HMmXsECCc9Vc4BNVaG7eDr1r,0.0286134
1KkNp7Hux4MervsqEifjkjy96ihNhhGYaD,0.00102191
1GVqSwyzXjFuhjyi2poWKogKQhP7L1H9Yk,0.29910089
1EKBeLziYq1L3jM7HwTRmCUNNU5DZPGkuj,0.02131969
13MHrmQJPQXkvHxvPM4MaLkP7TbUakVS4Q,0.03302965
15LkvEbpWqoYfP8zZMqk8c34koXaxeCdzq,0.00057665
16jBqKUmZXx48QDCYCEZQSjXJEGaPcwHM6,0.0203
3A88Hcgq42cAgF3tPtYYD19LH6YzLwY5VF,0.0011
1FcceQocYREnKBkohwyTLjnsyCrbEWiMJp,0.71631319
1CpBgDcD47x5jvdqf8B4sg6VWxnm3iNKCC,0.01192697
1796gH1WwcremYPWinV9NNWeVixNWUmTmC,0.01468784
3LfppeH721ECRCbDfx61vZi5Dkn5L9TVSu,0.0062
1KG8GViz7opy79LrYn5r5xpB2y5XMRHexk,0.01154634
17EHry2mhSBj7kqxhxNJsZ6HNDgSTXSzwu,0.0376921
15p6mETDanXvLWdEac8zeD9Q4yC6BYnjrF,0.1799764
1PZnXRwif81aXG2AownoTmfu8qvocjWGot,0.00616596
1Mm9Yrt7vyE5k4eCmbqMpysppB659YF89B,0.02239666
148SssCzCnAwz4JXZnQ816PnBQ9TjLwWGy,0.01386771
1Btnp1bzugo9wJ7DpoxJExfgx6dz9ThaDK,1
19F2SUcTiUhuHGUyBrmEKbybANwp8Eg15d,0.09687075
18wD44yAUun1BPvdHShdUUknA6WXeCN9GK,0.004
15XMRF52WvbD43DrVcnfPCumd6e6q6biXZ,0.00243428
1Dr5MYBUFue7txeicL1gCSrDRYs9hddBHq,1
19RkhpDbLj3tFutEMM33oPcoBP1xMs2jC5,0.31841156
1NYdgmNjwnxPbU7PivCZQVx7Ld74t1cg6F,0.0022
1KLzKLbYr28jYcPUk9GPDj9ArGV7mXFd5d,0.02741264
13tETf4XNx5pyVe8wBoiMwDFbVx7HBG6iu,0.19466474
1B8UuMXmFxiAgEcDQZnh1HbunGuN4LbEzR,0.00254287
1C9EDJWhWDKYkWYb7wx8baCuwWaTeC3PJx,0.00298622
1s6ajoF15YDLcTuktnfaJoPFME9b3wUwX,0.01
38zqWrJRTxTc2VUZTTFUbYRPgdKCMrZAco,0.72164651
1EyJBtPBu4aUiwNez6daM8TvJmMUcqDm5i,0.02309269
1CavsTErNeFnRANmmy72c8ReCM2cY1Bqri,0.03719225
1M3rHcyzB5xcDDy47YpTnrTed5JS12xbc8,0.0923136
1ELy4XSuX3YPNB9mcU7Ay8WuiRoCXsutpk,0.01547715
12t9YDPgwueZ9NyMgw519p7AA8isjr6SMw,0.00114514
1ByhvVXnryYwWQL2ewLAB6qqpofDqWpGf3,0.01130502
12t9YDPgwueZ9NyMgw519p7AA8isjr6SMw,7.402E-05
1GiLLARDpDoTdgcgJgGbScfif7EBDjgAnF,0.06188653
12t9YDPgwueZ9NyMgw519p7AA8isjr6SMw,0.18763532
1DunA8vtjUFdeEBhUayNXBiEJxFuB2ptei,0.02274428
12t9YDPgwueZ9NyMgw519p7AA8isjr6SMw,3.683E-05
1truMPKEN2zMFWev2rZQyTbkvVvt65LM7,6.02E-05
12t9YDPgwueZ9NyMgw519p7AA8isjr6SMw,0.15
3CD1QW6fjgTwKq3Pj97nty28WZAVkziNom,0.35857572
12qfSNfc9XeoEi3M3Ty9gw9DUaoR4rsqrz,20
1F7HtAoQygM3TE9QBpF9dDFTnwvsLUJJsD,13.40460971
1CSfwUazWECtobYPGdcNJWmum4Fj3TqiFc,0.02909852
1DTvSEjLTGucvDkZvrSNWuX4W9gzXU2dqH,0.00640932
1Bz3ASYHFB6HFz5gPzTGbgryuvFK69S9XP,0.321141
1kqyjmyNy5PLc39TE8TcbZ7ApdWJ4sUd6,0.14007973
12t9YDPgwueZ9NyMgw519p7AA8isjr6SMw,0.16706033
12bUdMXrFyBK1BuNEBbn47F8n3q9QwFUhG,0.48738235
199XXKdr98k2fNv1N1tk8eEgQavyaB9ti7,0.02867622
1xRKXyWhWHdnajswTuzWAKS5JbKwiJM8C,0.1
1EA8pPnYS3Y3RBQVjYWZqRLB7tvur5WyTH,0.00086069
1MwyNhVgCNpRmmPgoAo5zKaxuPkKdSECgx,0.0002
14rMbBg7FE6hqYdw71UVfPMWfZEwuq174E,0.04928789
14jFheiMYZdaK1HV32qxurQiRgVCbJWMQT,0.0442
132dkuaX6coAyZqJGvS72MVvPArB7P4sWf,0.017
1NF2WpQN4iBcw9XnwwV1cdLW7btUHf8Dye,0.0204
17pf4oJjDoAKG3M748HCn1nKUxMz6gwg5R,0.03352864
1CFqpwxhnyXYfDLen5PKMditx6mrT3wJkq,0.0018
1E43cYjRHwofJaprCheQkaAeMRMELfz8AN,0.03495
1FCarp81upFSX19EdtTuL2cmnp9hzerWMR,0.1995
1BXzJVjGYXGY3s6GfBzwVRpShpmiszu9tt,0.0113334
3PrkUz1Yi6BrEvDvRiYckQMAHW6UB7Ydzp,0.03015
14LdJyMwzXP9RVh31ixN2DNzzpRrDuRAfS,0.039
18kfF1E99mZHhp61XuM64L1FoEryf2x9Rh,0.03806
1Px6aa8zjCbLsgVc3esjvmfjNHjbNtbpAq,0.01663077
1CSYtJZtLx7Uhsv9g1JDoMZ7e24miCYwBP,0.0131
1GqXouhtMfhKFsPqnKS2vvHQTrjnKe3gS2,0.1853
1MyhQ5XMQ4Jvr3AypWfnNXzEKdMLdisbV3,0.02869885
1JwdQ1boRt1L9NzP1nPgZqB9asFX5niXsb,0.02337735
1LUq3ZEj5a1XQ642cG6hHcEebynAy7sQf9,0.01218402
18G9zRzJ24zMnVv3MevwJGZxbmYZ58V5yE,0.04681162
12oKCy3LGg758CyfEv2X5dGx5R5YFBfGB6,2.361
3ERcCktvog8StqnTH1nHWfZjbDE1VQE8S4,0.03851814
1NRHN9eBpnAwrKoRurRzCrf3bQm4NxVgif,0.04318685
12Uk1zSbzqXGoJpV8ifPiCHzEmYFErWn14,0.0205
18EVDMHUSCQ3nT419iwrTSNeDRZ1uTBbLV,0.13942196
1FrDd69sMfL4o18zFUBMNgJHQUxaoZbax3,0.5251
125NiuyX4DWKm8kKFa5t2hjHwD4cXdMfVt,0.10896776
1D1UPiHtKAkmYrvv7DrYnP9jChQE4rgJ1K,0.01432665
12n5SV5nCPNZvrdHjDaxSWFzLgB8prQgde,0.0731
342mGwtYYvfuVe413Lfz2HGhn5xvGvKd8J,0.00582
14sJYLGDQ2SCqkZ7PqG5MupyytFr9zquG7,0.00573977
1LGhRn7g2kRzQgWLwJpHYG2YKyWj6v7xsh,0.04134242
1MaqkzcFkBhDvnx8X2bgnmij9WcqR96LEj,0.002722
1EvPXqosgtZcoTGkMEUBHsNz6mFenabg5V,0.00027885
1NGFu4fLB5CVm7WM5PEStuDVjkyVncPzvC,0.2751
1PpKjGhwwXE2iPDV1nPpEqoUNP8VehtdnK,1.4
19UHb8jitjc3H2JJaEZGYbPq8Uv83vaBig,0.04943802
1BKVFq6UThusZ1uso319skrWbtwaMbakf4,0.00151754
1JRi1e2URqzGTWAmC2czvjUq2czB1QvtXB,0.01964962
12VHyecaFLPM6woDQJyT6BrZSGJEpTC7rh,0.12770512
1954uFsqr1KFawdDXpxeq7WHdkABnUcUHc,4.1234
1DtgeeZwAthJUyD92HGFMrcN66sb9xwg3d,0.01254611
1KJZ5BCrSoUU5KW2NbhS1wwikr1ZnbSeUY,0.02930028
36az71QPkaMAtx3HQsjaTj2ZSD8tQdUm1v,0.0272
1ArqHsT6S8Kdtz8aWciQFJjzdhAzko5FDB,0.01270587
1EnT6JhuV9XZvDK6tEYCGNqYdqMHXWKHye,0.03856344
1ZSLLgH1pCqqmGPXeuMmp9XCqsmA5ThA1,0.00687679
115p7UMMngoj1pMvkpHijcRdfJNXj6LrLn,0.17013498
1MZBMFJsjcWYLBvdzTxP8ZmHU9vG3A5QkX,0.1575
1DDsQHsq5dYtgSesqgiEorbcYCJQsU1Sy4,0.01760848
1Jat3QyBhm86ayDwQtpp3D7SDWEjBEj1xQ,0.39433937
1GeeeBGw4yZGPRwP7ERMCkGixstcYmmYyS,0.02894
177GepsBCPm1mtFVQcPbvUiCQZkj4wptkS,0.01401108
13DbjHcem6yWpuZKxSTF5DakvfPMkNdwJm,0.02570456
1PDv38dHxD3nWdV6UJa2MyeW1wBbNknbrM,0.06332758
1KWtKWWEoL3Qnd4ELtd3iQuUpfUNxLC8uT,0.02089984
1VhB5R7B5t3FAmvzGMFMUpYUAzZfShRtt,1
1Ar1hMTEmtPLjsfZybMvLTDc656wqRySAu,1.91298671
14AWdtkxPEYbcRZSZqBNAA5Z9Qje5DuttC,0.01468454
1GTATauZRapJVuFfaKStdM9FZt7t4GE8jh,0.378
1H67ueB7DAETwrYtf5VgeUYqzGFErSkJQV,0.07732241
15qMs7K9g15VzVezJjSXXadLEQNjizxp97,0.00100389
1sdmJrnncPY9mcKYG9xzRgH2J8Bw3EBmx,0.02324008
3LsVxkFtErBrYCcuoDGBS1JLS5FfjPCsDZ,14.5985
1JnKwgEPARZYxsn8Xs1z3AHsiazoP3dab1,0.05732586
15edHc3caWAer5iAkEyK3Wkc2m9eJ9ypxX,0.02881268
1NpAhRD5rQp6EzoTnroUuZzWYwiaFckdKE,0.09714796
3Cv6mesyaSbh1ijbujj3ZVFXkUGC8cKtSp,0.9609
12t9YDPgwueZ9NyMgw519p7AA8isjr6SMw,0.17835909
18YJNK6MGdRXXAfHC2qhoVAnXWvcKjUjLx,1.19552331
1KVUquXmAjmYMe99DbS3xDMR8icsyHknHa,0.06452262
12t9YDPgwueZ9NyMgw519p7AA8isjr6SMw,0.17428355
12t9YDPgwueZ9NyMgw519p7AA8isjr6SMw,0.17351756
1EnxErtRRpfshfZHCGj2dhVfKqNUvqB6uV,6.13769958
12t9YDPgwueZ9NyMgw519p7AA8isjr6SMw,0.18204641
1AW3HNJFpfpqLvxkx47wsLMBCipdy8Kk1J,6.38879498
12t9YDPgwueZ9NyMgw519p7AA8isjr6SMw,0.17952
14VTvXHUw3r9769QeUR6oZyntEuyiPvSAr,2.64841259
12t9YDPgwueZ9NyMgw519p7AA8isjr6SMw,0.1676496
1MeGWdZGzZyDeST9xSrRMTxKzNgTFJs4VW,0.08567844
1BcF8852qf7iwRGhKR7wdoR16Q7JKUq53S,0.699
12t9YDPgwueZ9NyMgw519p7AA8isjr6SMw,0.16957702
1C6dCcKLw9aqbMRuwG32GAj4D4AWhNX8e2,0.02534776
1A2NQiS4H1XZMEqzpBoCf9QNwgGoVknWT7,0.02298726
1QJXU6HNCXHZqh4UpBkw41Smd7Gui4uFQP,0.1088
1W61zRErVzfQYJQhnvReuzPTsd58FqAMC,0.04
1PAeJLRBZLkrqnZR2gwXQZqYfPfkb1AAvZ,0.001
19xvf4da4hLujrbV2JBK5uEEcjbmszhyq1,0.00024485
1KCwWZePg3KFdCMyHj72BANqoRp7TRzYKx,1.75204057
1L1yHa8dpmxLmSArLuqQT2u3RURgvjbgcC,0.00458568
1JKfCBGHioRcddBTXVxPhnMDTZiugcUHTc,0.04082
1DwTEcTG8N69JXkMjJZXo8wHuHG6oHQFtD,0.03373474
1QEtwzKJLkWLnyMPAX4YKo8XfLvdui7BZF,0.02957564
17bHaAfGF9nKS6mYqCTZiTnrcdcJKAUM95,0.03
1Fhzr54Mj96xYRH7ggwHvkx8Q3uLQztsyH,0.09977455
127t4Nx5jUvZ9G53Ktcg54D8YKBVJiJ43J,0.12469733
1M9MYZodnirDaGeaTyxvPMPeVTMPxLZUxi,0.0009
15vuPsmxugke1q9CUkm2SVYXdHQU8imdPn,0.015
14x4h7U53648kaKvmyKSDUcZNcKLpCss7Y,0.00859209
18BeS3nwJybw5zfHCz3WsuY3Fs45mYYswK,0.0246
15Uxc9rvHLqH6C5dN3T1r39M5vNpZPEwdA,0.19
1H3NQrYFw8haCZKryCnBCvS52nmXmZeY76,0.01655831
1M3STpVpp84UCQTGAFKvjEDr4UKQhzxDBE,0.36840379
1PaRFaYQPERHHmm4vRAuEpmvvoL3nZJsDh,0.0609604
1BR8cbGduvr2gVu1S4EHMsdjiV9wviWNtz,0.03798052
3JSucZdEwJGshPdt5dacJ1JJZqxKAauL3S,0.23977019
17pDvTgdGg9iuxx2mCxAETqCfijNtVV5Px,0.01315018
13DQMGQPbgp12EnabW86nS328nU2ujXGFw,0.05887
13FKZ6sX1rznEhk5bc51juGeUHhnWd47JR,0.05954991
1Mgcvs35DSgL95stgEfGRKLqWrKZLxD8Q9,0.00053153
18X5aqKrSxqcwu8MpuTEyVMBsJPBE8Baop,0.07351582
164ZBo1A8GctW6T9rGZ3G9z1vXxXRQF1tY,0.46813
1LAVTE78SE12rG3iW8Q5YVk5Hg9TSRFaoh,0.00479707
19jpcjLMtwZunpM8yxyPfPuRDcyrm6KXAo,0.01043616
1KBZwcxiLdEuErTdcSoLzpFkwMSJ98Uu4F,0.01483866
3F26jtkhxoKMQDxetPMa9ivZbb7NxGPTaZ,0.011
1EXdXu4do2FNQDVUoQdXgEhkd2Cz2yQTVi,0.0621621
1FKC91D5v1jmFVcRdAwQK5CVDQe7Q721NZ,0.05
147TvsaeT3vtqvtBbG9WKyrtdVnceTUgbt,0.0528
1E1V8no2yCDeopRE3EZkid6jx4fUWt1Ppz,0.0036165
18pXysUzGdAgaHCDisk1JLrKrNfCNzSHfu,0.01
3LqGJv2SAebDN6WxMoiNZaouzKMca3ucNJ,0.41263989
1ApjVRbTyUPoXsH2eUsTSJRJisfgQu8STe,0.01197269
3JZqGJq9asVuu6g3GbLrNdGx9m4gxSKbwR,0.99957702
1KkiXqLDADZSVfdrfEktx2zVgqCBV4Wj6m,0.01846294
14mehvtXMqdJVyK9nekk7aCq7KtvY2Kc3d,0.097022
16iBMk91abHYgkyjT8s3oZgefMWkfuz6Ga,0.06074162
12t9YDPgwueZ9NyMgw519p7AA8isjr6SMw,0.169588
115p7UMMngoj1pMvkpHijcRdfJNXj6LrLn,0.0002
12t9YDPgwueZ9NyMgw519p7AA8isjr6SMw,0.0002
13AM4VW2dhxYgXeQepoHkHSQuy6NgaEb94,0.0002
12Rq84wx7hrz8UN7gbka421HqwkWA7cSRJ,0.0004128
12t9YDPgwueZ9NyMgw519p7AA8isjr6SMw,0.341316
12t9YDPgwueZ9NyMgw519p7AA8isjr6SMw,0.167599
1Har1vtFoJPNebRa9UuYjRU5SVJpsjSBP6,0.07580323
1Gt4dmnP1nm3Y6dewGpjjGtqRTT2gMJTzG,4.27135155
3FYf87hfuHtcrbw62ECsni6Kbit1JULF58,0.01
12t9YDPgwueZ9NyMgw519p7AA8isjr6SMw,0.00768521
12t9YDPgwueZ9NyMgw519p7AA8isjr6SMw,0.1731534
1B2PsSsG7jQkPaAXSHNptFG2JUf1xYqNN7,0.04805169
1HAnFrHHGNSHFD9RsuLddRF6GpNJJHY4Gh,131.12009268
12t9YDPgwueZ9NyMgw519p7AA8isjr6SMw,0.1070748
12t9YDPgwueZ9NyMgw519p7AA8isjr6SMw,0.17779551
1JhEnbhjmhQMyhTB8QEn5r54oddDp2sQjQ,0.69475586
19NU6ibjRg7XchYUAhAsQKSo9QhLQaqRnB,5.69286486
1BykCxWMfPy5BSmRxjpcSZe6zxSzW2M7fJ,0.03
12t9YDPgwueZ9NyMgw519p7AA8isjr6SMw,0.171
38ViBShDywmmQitMFpXXBgMYTs1kDYjTRZ,0.2818
16vWbUuPkYjxRpkXakq6jei1xk1xfU6VhF,0.001
15DLWtih5U7b2j1x4AMz77Jzf16DkYupAr,0.0021
1A8JXocLVu3wMAXRiAHrEEHcuMXUrTfvGg,0.02
12t9YDPgwueZ9NyMgw519p7AA8isjr6SMw,0.16539325
1Ci9ggSa8Ge5rdRDp4t3iJ7CKhG4QXyxnk,8.59242103
12t9YDPgwueZ9NyMgw519p7AA8isjr6SMw,0.1719
1FQA8n6i2T66p8VKcFNGQJGesRwWVpoydD,0.31372792
15XXirkGFezMyECd5aabLmUYovx1uYiMkJ,0.02246597
12t9YDPgwueZ9NyMgw519p7AA8isjr6SMw,0.15500051
13FfTjMzz78ob84mus5WXFzjdC1B8eHeuk,50.2302614
12t9YDPgwueZ9NyMgw519p7AA8isjr6SMw,0.32
14YS3ADsS2Cnz5su6ujeLcQcBYuQsXEr2i,79.821724
12t9YDPgwueZ9NyMgw519p7AA8isjr6SMw,0.1486
1FwuQL5d72xcR3MCRe5WtNPR19H7GxDTtw,0.003113
12t9YDPgwueZ9NyMgw519p7AA8isjr6SMw,0.17887884
18A1tDYHFqGfPSpubQ35PoAveBoFGhfFbE,29.74476209
12t9YDPgwueZ9NyMgw519p7AA8isjr6SMw,0.16144753
12Lk6pNHQEdAuPfZDBRX2KExwJ2Pmknfso,0.00805747
115p7UMMngoj1pMvkpHijcRdfJNXj6LrLn,1.81E-05
12t9YDPgwueZ9NyMgw519p7AA8isjr6SMw,1.81E-05
13AM4VW2dhxYgXeQepoHkHSQuy6NgaEb94,1.81E-05
12t9YDPgwueZ9NyMgw519p7AA8isjr6SMw,0.336
3EYQN75wdw8TYEZz4F73vBXmcfMU5TuYQR,0.09892956
1LbDMyGi1KE9pb6tQ9uWrh9nzAJ3tF8wUe,0.232
12t9YDPgwueZ9NyMgw519p7AA8isjr6SMw,0.16722501
18zESzALm5JyUH52cBtRhQBXmCXhvHEc2U,33.99791733
12t9YDPgwueZ9NyMgw519p7AA8isjr6SMw,0.25321436
13MTB2r2zKZqFaBkKy9qyvWAy5jLjGuEt5,0.02158342
15emLJALy3ruo48UDmzYgLQmBUpRTmrYjv,0.019548
12t9YDPgwueZ9NyMgw519p7AA8isjr6SMw,0.02
12t9YDPgwueZ9NyMgw519p7AA8isjr6SMw,0.176
1FgAmthRQEL5F6Mc3PCaVNxsJR444Z2uXJ,0.02837891
1LfZsghADM73ES57bZv8niexFE2EYdcjdB,0.054832
1G5QV4evnqXNriLim4sKEaR4hwsa9MdZmS,0.01764239
16UK53QirZMmqfXVpThjTE6daXt5NsDz7p,0.16685855
3HLDW6tChPtJ3MrSvCLdTHEiaqf7KcqYF2,0.97459894
1J8rkuSym6SCjkP4d9UQLR4Qt2jthj1HGv,0.01378891
1A3UaJjHNSLdghB4dYGCjrKGMMLBL8w8fb,0.00912529
18L1XTx2XMCB5ceHFNAAhoLeGvD2ChPaW1,0.2
17gHNhnpbTM4hbNu2AHXuoRRRYRFfF2A5p,0.49095073
18Kie66vNdMykQX5qe2W9XB5oCfLjN5f9W,0.01522637
1G3SaEhEHfG7B5VYS4pg3Z72jiHRofzTcq,0.5
1DLGfC965kjnhjD9bTahzGeAamwUXEm2f4,0.01717676
14ZrFwVo899Tf7HgU88RiVxw9J9pu8knjD,0.00535163
15cp5jrVSzrxHPdKtv4ALXApPfA2b4frna,0.0905742
15cu7BudDwBnTmJPUgfsEYqF4gvH6AEGhv,0.11801422
1CxEkAxpzENkpEh3UmmURycEUMd8BZvRuD,0.03959894
1K6apAqNJGp2r6WERFLaTuWshvh4pSkXGo,0.05878895
1GmFFZ4wdAScVRLQ8YS42RfD4ZfmxkcJRh,0.15855749
12wZXHkzvPdNyFhnGQpKuvH9TnwYFEijcY,0.94
18GdoYKhLMfh8nWoT82Tn4fVy8HG1xNV5W,0.07652202
13E2UbyvPX2SEfd7YmaoWWamYqWSzJF3EQ,0.02930912
1QExdMvzGhGncGfc5fGFUwBZU5p6puf3LJ,0.9574
1ACf8WNhsHEVx1KwwYCZhfMyVdvvaMMx2k,0.0413
3GFqjyjuBE1zR3D54dPaDVdzombbHu7t96,0.0513
17JqTtMN4M6CoNuj5v14PMzPout25u3XEW,0.03802531
18RSNFyFUwSDoSc8e3dSJSvegAifWntFuj,0.12980283
1KWcsqruEHXHbUn1WoP5UgHMeEeAZqUhb4,0.0588
1PCMt2XfWNsm3KnUzE21iezgfDZ6cu3sae,0.03895774
17pBDJkYq1VmLVSVZEBGCHdWjUAy4JHhTK,0.0025
15PHv5ZGDQwuE7Gy2CjSuzJ6tMNkLWE5QQ,0.103
1MZZkfXAm2e7YmQDPyo1GvfQ47ckstFDpQ,0.0006
12hn2eU4oo5w9eyBSRmmVfuTzfDoq9ANgU,0.25
1hVWQYwV2ky83uHsEHCZzqiKsuGGbKKNi,0.0053
14UrTcE75TxM54dMJcStw3M8Z85pNSn4Uu,0.01202537
14Cr6T1Fpj1kQsNRuFCj9nWPR35a6nKbcY,0.346
35kxJ62ccPiDwHSbRVjnVh7Y6XK67k4MSs,0.41
1NEVsUYowEZZYtpeUMmypFaz9kpzRZThRy,0.00219322
1LqrJxRmU8KnfgKf4aFTHxL8qjmn8jjxSR,2.789
13PQJwqfwpQ3A7cbRZR7nPLX5jRJdS9ZHj,0.019784
1S8sRWv8zu6jN6xo9H58xYULciViG7Fw6,0.14008329
1MJ8hrNC32FMfxpSomnFPvqXVprnMGmEgx,0.02930899
1DpxprtV9rEuyDEwFy3axzLzSDZseVaY9u,0.06149958
1DJi5dZXchxQKWZr5W9x7xqti9dh12a3AA,0.08
1HWU3P1qX3SnWw9WcTBmkJg4fzX5hkTvVe,0.01879
12t9YDPgwueZ9NyMgw519p7AA8isjr6SMw,0.00459894
1JFwCrAuTYgwjYJgPvFN5WQikFfT7FGKLU,0.41262493
1H4aB2RufAPMPcgD6eGB4Q3fFjabsSWMo8,0.04333072
1H3Y7ZWxgnfcXXirU1Zx2kvXL8VVQrDehE,0.01
14rfPjij7bwcLUAraoSct7pRaQx48qyV8e,0.00209281
1AZ9wtjMT8593kV8eX3EcxLC4nVMdtxWTK,0.00075479
1K2arsRfbJ7YKaTM2HEG9W79CpBmQoUz3a,0.0110933
16okH9L39tpZSaHUZ32NZa2TWc4niEsFkw,0.01295
1bcztJBAUpggj3rTNgikW6u2zpKGGQXdB,0.00907262
189tJQJwxpnCEH8Kac8i3tnMkHyWftiHim,0.0277
1HnRmuaKWBsqAnGVj8VVG3Vt6VmaJTpxyE,0.09967177
1KuF8E71TZ2gjjMTfJFutRCYJqogeqDKCE,0.80409894
3Bfh3aNHTsQH7FYtQkBo71XKkQwAczCQ4S,0.00127258
12REVt9phVaBQyMDEXoebP33gBCxPfZc3Z,1.5
1LLUPLxtLssPXJgkyC1F3XeEEnjo9UZ7K4,0.012
1JHPJjGpZFksgYpaMyQGQt8bNiJHrfubrv,0.33371711
1AWdcNuksoLmJg4DizRRUN9L3vS6h6tHEY,0.38127833
15BECpSB6QpegEAShcqC3E9nzZRC6MXoZj,0.1346948
18tmmcSvqRS8ji2MxrXak6sHgMDSCtF1BH,0.11904471
1NDsuy9fyZAeBrts96WysF3gBYbT3NQMzf,0.0257692
1FVthPji9pdYnUVW3LdnHjPz6vjAsWg32a,0.01371832
1HX4MHcZ6dana6Qa2Sfq5198zHA2ECF4DW,0.009334
1A3V6cRfgqhV7B6rDaooWY3eUQt6YvuAYN,0.007425
1AnaqkujaUiUPehiNVRVoBJibHS1GiM8o9,0.008
18dZFRarRi2bcewnycWYyPWdY6JBKdqcC,0.4
1PdMxMJTPT4fpjd8hwQYY7uc6xikp8KUbZ,0.01373042
1EGdVRKQbQbQgyD5HzCcwsJDHY7SQEW2Y4,0.0595
18AWMoMvBtYb3Pet872Bh4KRBqRrZMq6N8,0.01
1HNJEj3PwCeDB16HB9i1Ryf1BDVDPAgyxn,0.0139
1Nhnnpxh2VKt5AdcCqBn4BkKUCNug9ghYW,0.05828471
14LmV8TXnJRUwEFGDjDsDLKE3dT13Vzzyb,0.00864966
1HHNQNajFx9NYHSEF5GioycW9iPSwvPri5,0.178187
1MNnX7kLcbkSYZ29xfqa8rxCAXF2dF2Qqw,0.009
12ZGkGNz7UDUNHuJpkQLiSMwAn1gCBrNTX,0.15015857
1HLUx1tJeZSp9ttXhjYiykS3DvHxz16nMQ,0.0085407
36HJ2ocdM5NFujU5EroAXrsAV9B8Jav5ba,0.009268
12t9YDPgwueZ9NyMgw519p7AA8isjr6SMw,0.1801648
15uAFJuY951G9jh1e49owTT6Y2Gp3wnZYu,0.0192952
1EruH6yYJ7juFk8Yjbu8ujHdwiW7QAQjd1,0.051546
1FsfcDFWWRWKhXyB8KdqySSBP5SdNYMSgi,0.00599407
1GcGDhaXez1h32iS6bc8JkdGrqANXs36sv,1.2
1MUZP2Zx6MecdYSXxXyqYKuK4DXJ39vYNa,0.00558659
12aoVDvuPmLLmRLcn9oZPkbvND6UufHeXT,0.0283896
1BVrtshpXzqUWskY1JV2BcDSR6D573CsRb,0.66743422
15KKSMv5m2jGntVFuNqZK2GfWAoRBzPJxY,0.082
1TEJV5QNVLQjKdVDiByYsD8SpE8nuC9sc,0.03521085
1NWL5db24R8aUvsmDWyHey6W9cytUiXgJ2,0.02400096
14qjnSpQwqnMikrLsDQT17PPXXWY9V3PrZ,0.2913565
1Cyqa41d8w2X1mPymC29u1kMBfntBepim,0.01080868
3LfHqToqUMRXWtxUusMd5HN9xkafHyiS59,0.10004866
1FsJTFGEwWKFuFwanUbf5X9SgBEzdb8LhX,0.01347441
1AJXxzo5eEDuetdue3eFywfU4RdLp8eRKp,0.0015702
1HcPZp8U45mQeRmYsdY4cyLJTF5fiQcowC,0.02897
1LNsAiHejtfGQFuR1KAEj411w8cdi1Sto7,0.00954967
1LfZKvcoM47Z5vVwBWAMFY1L1yVhEBN2gg,1.99959881
1F9b6K2U5rrEa4y8vsNjkr3WCPZeUxTKwJ,0.06592186
1655TcRejBVp2bzGXrxfZCumLn2rYqkDvz,0.4005
19Yp7SJa38dJkSHa3QpNvtNxrXxsvnSuFd,0.28407
16wCWJoC7mg5JHm5KUKtZiysrUJo3DzTHS,0.2
3GTnEgDPypSYySQqrVR6Dx4JEPArrCuWcq,0.8899278
1FkQrHK6Pg8CBTiSj9LymBNkcmSzT4ssJv,0.01553093
1LMEzPczQke1b5nexjxxhx1318MqPpafi5,0.02830722
1HbsQmp6M76fSp8Qf3EXJcxrnSaMBNs4o,0.01964317
1AExRbz5YbZoRFRizbQpHk89AzgoiYpkxK,0.06658446
1JpgMMHq3AnjB6RS2NVoxza6FcxL3qrxCZ,0.01055335
14PrvoDhSAfQejvJf3JKU7avry8tWQySY6,0.0105
1AeXcjx9VNwdu8HZifJRYnAVUazL7sYgXb,0.04361052
1LKSfQ82PYGD2M6qjoJKVSJFZbbwKQ16Yh,0.036
19sehsF5JRfApV36NnTHkvRtu3vRbGqa5X,0.1904385
3Ld9acbxG2Js6Phn1MUVdHyNcYb1q1QttB,0.004681
19yAkFTi94699gmrftSdYyeGynwyPcT88k,0.0108958
1PLW3NoaPhA9ZzA7PSaktUPCeVFVVzFrFK,0.014
12t9YDPgwueZ9NyMgw519p7AA8isjr6SMw,0.00468114
14DaJBuTaUaNtCM8RdFQiwRuZEphkLwM2j,0.043
3Ls1n96pDCW4qqUUT1yBjiknupSpnvvPod,0.1589
14xPVfVgp5swsG9soiVkMVwjdL3VMeKw69,0.00120212
1aJm4qTHyn2H718JTfJ1NnKoWXUe5cnat,0.04
1BuLUGJ2eoNytxMXjF6aJeK3kzpHSuScso,0.059
1Mbhz9upTjpCEtfM9dCB8wb1yNQuVo9D31,0.01079358
1BphBjAG5iVLwmVfSYd4k1ejejNwd3nVwe,0.01012513
3E6WaAqmpt4NrVcnNBHhF7TrryaW1jj5bx,0.00362726
1FsTJYbBnZdFfnpB51rKar2BZvLyVS44vi,55.33352717
1CB8JnPgim55vZkhiHy7sxneopSrEiAooo,0.20005538
13q7Uou5Anzm9GMnkuA5s8dNoBBDvarQ5w,0.01480441
1LH87V5rJRxWHgfmVhKEGZurvvqh6Am9U3,0.4432
1CNqHtHy5AaKNE698HRkCCfYvyDJGKCQ2R,0.005
1BXAKFo7ZthNho2HNLNysZootUm9PGXJSs,0.06670603
14FWtYK9gNbBWtefg7V1Xi8cbt8E3EaaQs,0.005462
1DvGZe3mFnNvnmURhJ6F77RAQUo4pBsgKD,0.000547
199oDbV6r3KFfjrdRbWrFZSUTXFtv16vHe,0.005
32Lz36ALa9kC6ppzFQiDa3uW1E8GwF3L3q,0.25996173
17QdQGYuwQPtV9emHPW7g6JtozvmDX3299,0.04110779
1EnfwgVEtySPxE1XPMMYLeMr5LdiZ4ump8,0.14164426
1FTJTXQp5huWapRtvf7UcYUWkQo6cPtwum,0.02369713
1B33K8FieoDahTjDSxfmgof7WuQ2zuSjfk,0.13959881
1G1CNkMhL2zqEHATnGq1vZyY49J5FK5g4f,0.0045839
1MUU9QDQWJk6ZywxbGNkiJAp41DJ7tMkBu,0.01
131nvReCvTSnQGmqho8Fhd4mbK1WSdo4NU,0.19578309
19ixGNHpwigLuWXx1S2zRL5XtMorYM7kjG,0.1
1F875ckTDvGhGPHEEVkyVwifjW1hvDdfvg,2.1230417
13kUDvLYxszsunVWY4cXWiiM5vBhPzsZft,0.0003
31yTD1n4TkGAattCPxDGKVQWLcb6DfKF2U,0.0306
1A2hWn1tCh65Pp1ZJSZwjTUzzDAm7yJx1L,0.0167
1LrBvsDFpvbmjztusomwfLWv8pdwQABvCA,0.0106
1HzzNA8RAusFZ6bzF5sh8CHuKrfQY7BT4V,0.0537
1LqAxMwzbE5EKwbztCAZNxrV8TKZVBApXn,0.00295344
1FpePbLfB37376MLdHoFdD31q9aCgeWKkV,0.29
1Bp6aJc6EtG4n84w8oMNwEJ6QSMirsvv5M,0.02093117
1CYGRKQ6JumYnaFTtG1FJrmpqdG8tMG2Tg,70
37rQJcQdwuZ9f3Uv98gX4QannFShB9CAut,0.01625
14ptB6QNa1EN6AWKjb1yjbroS8cWZMQmQX,0.05281
19MKY6LopBvUgcTqJ4R1cE1M7zFoqQXXRr,0.01766583
114qZYBmf7GKnxrzrUJb5yP2HdkntkDaE5,0.02061181
186C6rPSCZS4wyW7jhgFE9X4z79j8KGjnX,0.09408103
1M9wrNWtSYQBLc54iGj2iNMYt47WCSJ2vv,0.0059765
115p7UMMngoj1pMvkpHijcRdfJNXj6LrLn,0.0001
12t9YDPgwueZ9NyMgw519p7AA8isjr6SMw,0.0001
13AM4VW2dhxYgXeQepoHkHSQuy6NgaEb94,0.0001
12AS3S81xgr1oZEHLzR3A1shpg3xpMHmYA,0.001558
115p7UMMngoj1pMvkpHijcRdfJNXj6LrLn,0.0001
12t9YDPgwueZ9NyMgw519p7AA8isjr6SMw,0.0001
13AM4VW2dhxYgXeQepoHkHSQuy6NgaEb94,0.0001
12AS3S81xgr1oZEHLzR3A1shpg3xpMHmYA,0.001171
115p7UMMngoj1pMvkpHijcRdfJNXj6LrLn,0.0001
12t9YDPgwueZ9NyMgw519p7AA8isjr6SMw,0.0001
13AM4VW2dhxYgXeQepoHkHSQuy6NgaEb94,0.0001
12AS3S81xgr1oZEHLzR3A1shpg3xpMHmYA,0.000914
115p7UMMngoj1pMvkpHijcRdfJNXj6LrLn,0.0001
12t9YDPgwueZ9NyMgw519p7AA8isjr6SMw,0.0001
13AM4VW2dhxYgXeQepoHkHSQuy6NgaEb94,0.0001
12AS3S81xgr1oZEHLzR3A1shpg3xpMHmYA,0.001558
16uRX2TcLrxgWjwtb4wGHgbg6q3JXh3HsE,0.010348
12t9YDPgwueZ9NyMgw519p7AA8isjr6SMw,0.178
115p7UMMngoj1pMvkpHijcRdfJNXj6LrLn,0.0001
12t9YDPgwueZ9NyMgw519p7AA8isjr6SMw,0.0001
13AM4VW2dhxYgXeQepoHkHSQuy6NgaEb94,0.0001
12AS3S81xgr1oZEHLzR3A1shpg3xpMHmYA,0.0013
12t9YDPgwueZ9NyMgw519p7AA8isjr6SMw,0.18403892
1BexAVWfKTPkYy89g7vK6XTewrwVUA4kiQ,1.92344702
3ECJwvx9VgfotcUuEJMVNvmWnTGVMk179L,0.02601792
12t9YDPgwueZ9NyMgw519p7AA8isjr6SMw,0.001
1AozibVpBejABaqHDrGkrW5Vt39MJ2RmXc,0.89888635
16ti7vWWFEA6PRkUi38ReAJjngx9dJnwCv,18.78199062
12t9YDPgwueZ9NyMgw519p7AA8isjr6SMw,0.1703
1M9mbtKsdmyRqbtBxkKsdAJp4t3NHBHuLy,0.79742866
16NxWgcgipbyHebSEHeZ6GRcwidTP8wVX9,0.00912611
1GSUu9d8u5xZbvbPJ1FUfaPq4twP3p2KDF,0.010291
1HDSXkdEVGs4LK2aG4DVe7AYNCPFYcF147,0.0073
1ALPRbE2yzmvAgrH3WekBaUPa6vb2LLKoo,0.62
1K6hHD8MrswFbURT3yLy2M9XWEsEPzwHKc,0.001511
1N4zksd4AcHQsx8XRBEmZegftaqtBHQVR9,0.0188
1GhbCtuqcqDpSAW3ZBqzeuzcFk3imtargD,0.00962818
1JRnqhPSV3X7t3AbCLzR1b6q7Cz9T1ortt,0.058749
1G9kApko9KWo6CvEHmLnYV3xabPPPzoHud,0.00576552
1LVGmhw4AcwfANXA8KGZYQmnzecgRss7Wt,0.05048313
1Lw5otRobJyGXPke74osSSwWBvW12RiK9d,0.06012625
1LmsRwFbqrfqaTfc1mF1twEhyUwdyLUzWK,0.01979615
186URppMCGEreQmT8RNdhJ5wbXNfkB3dxB,0.071
1F3p3CnXpZHAtDjMq1ojoeTJ1rLx8Dmr5d,0.00278
3GriQZm3bbyQxMfzUaC3TirTrEtNEJM8RU,0.0059952
3CfXv4vWHRSVz6FxRs9e9hnUvq14YxNfaY,0.02002
1B1gPZWr72JRjKU4DjhWaEo5H5EZLbvJTs,10.95369711
1BZEjLrA6GL7MNaqwUFCRasPPoeASkbmwh,0.11289
1BZRrB6F6XRFMjDn9mF4QRRZYb31AbSUr6,0.039
1JXr3YrcPbMZkU8Y2ySymFUsAeYmmGva4f,0.01441379
1JmD2mxt3gc5GSJUiwGCSWB6DWcTa4DJGY,0.12731578
1Gz9LcH6J5EdFAZNaaHFFet3bo2pnow9wp,0.00592919
147HLoNiaT6DTgSVucGEHsSAM9TXgKwkX2,0.02
1A1vF9nouNSaxZFJ3Q9STc7W3Ran8mvpWZ,0.03601351
1GuHzoWXFb3rBXYDJ6L4H1ayBuB7JjVQHX,0.03
16R2CqDyx1yYRFVx1BmpVSa44MvouYCZu3,0.3
3Dgt3zK4uiB4xbMTue2hXkbDmJvP1iTYVy,0.21297003
1MTxdpNbt5CBBXpMxAuhFZVts2K7c4FqHW,0.00034329
135F5e1pWQMXhFZqtqQfKfWbmp3ggdUkGX,0.01518514
1BVb8sSnT18mB7yyjyfunrjRey8j7v8Ufj,0.00603865
1P7aCKE8rgWeW7aykaBxwpVe6ts75vQZ5q,0.02792382
1LGe6pAeG6cBKCGJcyU1ABDQ81ihTU1HXs,0.00073411
3JJYrpvsmYY66jwDU4dJAsYRHBnrUEfMGc,1
194YaiBrACHMA1BaZipNQvBHEqbRNJckzc,0.0260151
12t9YDPgwueZ9NyMgw519p7AA8isjr6SMw,0.17354205
1AWe1XVJK5s12WejfG9AZm1UXgxxUyrusp,0.0122689
19TQCkScLwLhgz3vsDtmWYUQJgSk25CZzM,0.45815661
1Ej6GTNGJVaH74WE1HgTUSE3Z7ytW8wAui,0.01583563
3Lo7kbDZUjZMxSxZVhD6MFpkUKeGuYGXMG,0.2445393
1LVst3DdLKA7A5rHJcXdMHHHddC58go9C1,0.0018
18c8KDfV4rdPPEKwgAgHQ9YJGqH3axrwb4,0.0041
1LXFqgfpPpyW61KoBZuWG4Z6hUk2RjArpE,0.016
3C4qDkqXivJcjMk3koBN38GL4incwXEMqD,0.0115
17Q8axyDoz3KRjQncidiuNovFzd8npzAwy,0.05048313
18KKHGLcccAJhUnYf4oAbhxbAZUwCpR4hh,0.38234591
18vwAR7XmXWVDvkHytWZZchv3Yb5JQ19wh,0.05697928
167NUwgSh5hkuwA4QJHkTtM391vfS1yYmB,0.2325
1ASdL2y6rqSwPQoLS6frezkzvyrief6Aq6,16.08411369
3LApHQsyEseBegGe16LYXuVArfmDJ7zjwJ,0.5791
1K2JBUtG362gDw2hDjhfEZDUxQoWCZ88ij,0.01579247
15ZM2ubEpLEbYtWiuNcgsctzVAwBE1mRTH,0.04030922
1FULysd4XfTg1Yr873VtrBLHQRai5MpKJy,0.0556
16ADAXf1gVyaTSZKp57woyfh6Q7uXwenYf,0.0233637
12WJt6kEwn4QCiGGp4QkwGbxAiByohNymq,0.00082035
1JmTGe4SFKhgxAFw7Dxp4rbSWsZEkPh2Wx,0.0384
1BBi3BJ8GeZvxQrWeRuQLNDT9U7T2DKLgz,0.0554301
1KmGvBaP4oPDoQ8fD3M7BhSpTiAiqTU5nk,0.021
1BdPrqGDy9QxdGG7owopYW1A5rXLN8TSDc,0.00288276
1JaXYFBEsZvEtUc9h4fEyUicrS8kcXp1J5,0.00864827
12t9YDPgwueZ9NyMgw519p7AA8isjr6SMw,0.1715
1Fq4sK9VinXZSzCMkQyaWudTASSQ3odkVE,44.72020782
1EcniryvgSQ6EeCLkW3pnfhtvF6XkL45P3,0.010254
12t9YDPgwueZ9NyMgw519p7AA8isjr6SMw,0.169
1FXWqE576uJzdsX5WSNuB3fmRjaDuiBg9r,13.64387834
1AcwuHewrKeuHbK3xydYVc6tkTBMHjuudh,2
1JvXKtk3B5UMW2pDxTVtvbcZjMfFrb9cpt,0.24425776
1GerjAqGkNU7EorVMGinAqiwa9EG7LcziZ,2.47726545
12t9YDPgwueZ9NyMgw519p7AA8isjr6SMw,0.16656716
12t9YDPgwueZ9NyMgw519p7AA8isjr6SMw,0.16894486
3AtQECjhyq7vv9o6AyTV5oytGnDvDGVnpq,0.20214138
12t9YDPgwueZ9NyMgw519p7AA8isjr6SMw,0.174002
17BwdthaTLyzxwSGZ1fLERYwVGZnvVurhS,0.00420379
14dNJGVYJWS36oQFJjYY2hVBKhaRFpJR7y,4.49000002
1ApPGb2J9zzKocM9pYdw18RGZebcB1Kp4L,6.41398537
1Daufrdp1VmGrSVphktK7pM3KcBP9Nq1w2,11.841
1GHBZ1sJrZujuEicZnkUknTi8MCXMY4byT,6.77180326
12t9YDPgwueZ9NyMgw519p7AA8isjr6SMw,1.999
33vciN9vag7mhP5dQ1BB5AZbCqPBcD8K4x,1.200866
15zgabnvcxkXGG416EmrCKoCzwKmHEGweJ,34.83848963
12t9YDPgwueZ9NyMgw519p7AA8isjr6SMw,0.00574151
37TUSwftKTdKb8V94o7ANbSRRPJtgm6V7j,0.0763796
15YvBdrbcbfJVGeVVEf1c7z9uTP2MRnrQL,0.172
1J1GPo6op8cVjAyGrnH6bnAMZeSL9vGUKc,0.01538647
13U6Y78BigrQJA3dCmDKUZEuexsxF8eZgb,0.3706
1EX9y3NjMJdnVy3WH1CtAN8HMEpUBbtPCd,0.16863223
1JRi1e2URqzGTWAmC2czvjUq2czB1QvtXB,0.01390446
18MNRRUM4bg4QcPmadGYCoJbVDTForTvfz,0.0022
1AGiwstF2XB8otfPvfDvD2AP1XpVREorEf,0.00497042
16UuerxegLeiGwuZfrW4tDLAQaFXo8QV3t,0.24
1MxrPoemVwFueH9qiQxEpQ9qZ8cFdY7RFL,0.0008
35XnKc8w88VzfN469WansNptf4G5EvZbJ3,0.0079
14qKsskhTu3uQpnnNe75RwE4SGbVrkToG8,0.4235
1E7s3T14HTMDYnRjY83m9XhVEgXq238Ar8,0.01089311
18ouPE27mtFrtepKSFsKPcBWsekYMSoFrH,0.04599368
1Ej2cXvLMshPYipoGJwDNfjSLiEey7ZVB,0.0100383
32G3LgdcP5RX2fpJQLiXcpvshhR4TDQGAe,0.006
1FtKSmo2c4axsaEeyj9mVq3rPVHgCEUkiE,0.035
1HcVhowEaaxVyeNXnqvTAaGCWv2i12Gqvf,0.033333
12GWbfB2jEMUCmQ3iSgFMLCVf1jfbfeH8H,0.02
12t9YDPgwueZ9NyMgw519p7AA8isjr6SMw,0.19
3PUTGLRTPsefqFnokT91r6BVjpk2VkhyGU,0.038
15GbxSPozLu5VYvFceHtei2Cf32FJibBcf,0.044798
19RVqMYsUTppme2t8gnDQyPybf9oAobtCk,0.01702618
1HXbbrprCF6tfs2XtTxMRPrtZ38fLbdveq,0.0023
1QEiJ6Qz8HQtqH93Ezib8hvj3ZmBd8oW9P,0.00647059
1MSqzUAUjTo1jkDGojjDxYyo4A79CoZ8z5,0.07691
1MsXD6X2cnvpaWiPnVdXBhTe9ikiTKcU2b,0.01988449
1GvJXq5FnG7gozncdeNvRN9VyVFQoCSbJP,0.01114772
1xBMgSRGnr783cS3YZJCGdSQkKeauBvde,0.02893975
1SuLpquSuTCUwNqUJiqd9SzsRTzTgZx5L,5
1mCECWbd1Y6Hj92PcwiCr1Fj7bYQhDP4K,0.0089
1Fowp4hxG4ADm6CohDRQTjPjYwN1WWu8ST,0.02
1DJ5GVmSHBJa3LW6p2HbFqxDyAsTCWFGmk,0.6
1Bs4ce75hGmyqbWUdiYHMgVzth3nMNe3nJ,0.00179846
1HbvMYViuvSPvEkhhVh7nBbJENRNTCQrNQ,0.05606521
3FJD6X28PRzNw1jWdMyp847KbDCJkj2DhU,0.0772
3E3ws7PtrEc57Wh72NpUGeKQjDyiCaPAep,0.06
12y5RRRf7kR6bXgZgnh4BxwKpcGgknUWPx,1.8933663
1871f6uoDxK5G9VZCLHs8wLGpa8LLxfbvJ,0.0211
1LPa118gJqu8PiHcvgfGsLcQeEGsQDdg91,0.015977
18yvL3nDFNfX1XztS1nJhG7KsGVRqth7W9,0.26602435
1BHjay93JK2RuSWLkJuFYVtp5MimdHGJ93,0.03125978
17YmYAs3RjFGKiR7oL2pHJcvVK5Q5jwxU7,1.2
14fQdkfoXyV4yRHCnZnUsUZTqpPGSrK8jc,27.1596779
12t9YDPgwueZ9NyMgw519p7AA8isjr6SMw,0.1801023
1KuCQj5CWf4VetKUVhadxbbvYfsmFrMbqe,0.0124
12mGUakidDsmVWBfzTme2wXHh5Cgp4GxMp,0.01500357
16KQ9N5aTWQHxh86XQbkSBiw29q6YAfKM3,0.1486
1HZKS65qbu12wK4aq6YFhLRCtthjxb4WPs,0.04536313
1BnLaLuAt4Jngo7bhxKY523VHbSQVsLNZM,0.03625785
1EXU4K1o7iyDwqRoKQhYrWB7tx54PfZbBT,0.004
14NoqHyKRDWDMwc7n6WwxNCfq36e42YXBV,0.009495
1GSaAXYtQD9waCrRrqfMCSVeGVLGtUADVP,0.01858942
12iYgtfmW9vtxcySF6hS1xXEh61tRKxsV2,0.09961938
3KFA48WrztAYnkstszrmoct49ktfmi4EcW,0.0023
1JyRRJrEs6ThobUUSKeWixjfhzm8nxT4tT,0.16914619
1NSYn6MapQvefs9diHbozCrQVxNaG3ETn,0.00492553
38ZcdkGNLcWz8G4VVskhxWXydLDYjokBKM,0.00687755
1JpPetrwLYq2sReGnaVzEWDHxHx5JtJAu2,0.1615
1GFZ6YH6ZALLMCoC7GWbBAr2r3X6kMJ6fT,0.00038631
1JACeFwRxrq6LVSNejNegHUsnnAhmBPkUQ,0.032
1KzsyXaHgBQJeqRZjmx6CbbCTWcXxQ5LDQ,0.01443786
16bg8n1LycesN9jNeVe1JVao4vM5f4tkZ4,0.00467
1EoqQ3pSQc3EinUwqTBG3hhUHLAmp6ZteD,8
3GUMx8mKwdRfwxT5ZiKPotA4WZrbfH3MCQ,0.72020887
12t9YDPgwueZ9NyMgw519p7AA8isjr6SMw,0.36
1NrvuwM8WUw1rKu1io3wzAoAdt6pJQVhvv,0.0430428
12t9YDPgwueZ9NyMgw519p7AA8isjr6SMw,0.182761
12t9YDPgwueZ9NyMgw519p7AA8isjr6SMw,1E-05
1LuzvjZ5UxUDCXYgd23GgCain6QQ7pqojL,1.329E-05
1Hpu27LddpJayFRYBrcBfDAVnz9Eao41wN,0.1773288
12t9YDPgwueZ9NyMgw519p7AA8isjr6SMw,0.1804
1DDkiKxsrh6k2WPoYZAuStAZvkZQ1t5hsp,0.026
3GBTKkBCYRhfjb8UsbAch2GU5kQLCFhiZ2,0.36
1Ejb7qK4vdBNFjpNmZHMNEZr6u82f2YhEb,0.0416491
15tmXfWU8MWnZdAjochj4nbZT78wTw8Qnq,0.23447998
1QJ4TEFKXtqkcFinenLqxCdHzwrRapZy2C,0.05020419
1FEn5besoiWEGTGi78m6DwoPNCAeAx4uXu,0.00913557
136HddMohtkuaGGjtxDHQK6CofGmEb8c9A,0.02478
1JV3oetrm36UVddU66mVyGnDRvQzd16jeH,0.012
1AeWmg26jGABVVLFZTK5L9ViZLcxydX6ub,0.425
1Q641N4tzRpBLYpExn6yCXLhRNyeoJEHm8,0.94672
1MnkU8KvCfdxZ1Vb14FSFYPALEGHRYRG8v,0.13925
19P9WWKeCKGK6TaY1Kz3Evm822WEJr5k3S,0.023
1MEuNz41eYCAQABG6FYqessLM6FSXgoivi,0.02256683
18tjq7Yh9BPAQF6yKtHG2UaDybxFEBY3Pk,0.01602892
16uyiEFMUbXBUR3gmUeQQcs89ReKpovpAP,0.0162775
38HE5ZCU2xL71kE61BMLJW4J6oVvSRANcQ,0.00105672
3NRorwLtb6PWMEQJDoJqi7scM2ELAWtgUR,0.0967
1LtvL239dHNrQLyY5GQPe5oPe6f9YhuAzM,0.02383049
17WzAb2CfUbmgAkRY13r94raYJvQEZEBbf,0.02152186
12t9YDPgwueZ9NyMgw519p7AA8isjr6SMw,0.17937739
1MAKuJPpU7eZYDjVnzhK2rEHNibXPgeRgi,0.01391159
1EXcW3YN6Wn8aeWCGLdvT812fBDxVPoYHS,0.02180663
17Sw4SWqqk8QGmzugbMhkYqtJBWNYJaTeN,0.05384297
3NouHnFDNKK2owzwZjnXp3aWWFUDLQYjeg,1.000062
1CEckEJVzMSoBifxTX6hRZRpieUFLk2E3b,0.01
17R5CMbxM7SemYGAkwb37sKRBZMvHm7ptg,8
1E88iMDud64B6RTMG87Wsx5p7SSdUyUuGK,0.0315626
1EYuAK52ES8tDQTPAbVDHB23ysxEnLWmsS,0.01
18hDwYwhkwnYHu1FbEuFTXpWYSvT364zDF,0.00491841
13E6MgDsc1qFasTvWug6eZQJGtXco6QBEK,0.0287
19L4zeZ3kxF34kNv6G9RnGyDUJRA4dLpjN,0.019
185FG6p8HNEWt1NiFfzNd8FZN16EzvCTrw,0.01686433
1JPL1S5Sqf2dTWyHgvDHRminuKr7nskKc8,0.27
1BdkSXFTJoc2MNKLqbNbAa1BuFPEVuYPh5,0.28842747
14B6jS9FpUvrHDgEXGqaFffL1H6diuCsd7,0.13224602
1LnKvUMuRZMxZKGGNK98kjmV9oFbTBk7Mb,0.02943946
14dPvg24Q6aQQScdLY3n3V3aoV3XQweKcV,0.212819
1871Q9YqrwkoKS13vJ7hSpSJc7m9qYB32V,0.0493088
1PRxsVC9j2eNv4PZyP4gtiHTKKKbB3smr7,0.07619352
1F1K12KGm7NWgEBYdToytwmzbg6uTLvvGY,0.05
1MqgspP2eczAmqdQkFEtzNSxdYpYhk8DeF,0.006123
1D6Rn7rqvDTV5S3TLTc1TspdhXZPxxe8mj,0.00870918
1NF7NwJNbuWeAzjQg4S4HYq11n2a5YJP6i,0.05796497
1KDiiFufotRvwRqV8iy3wVHeiPNe6JT2oT,0.0993
1H6hi6dh8DzLUSU7fbqg8YLkNHwM2VwoES,0.0275
1EkoPoCHcgHw2WrqMZjUknDakWYKTes1r9,0.00880928
1CfP71CW1JMRdn6KzhHDrgdWrZvcNig6Hy,0.00522544
1D9qhFy4AQNeiXkgKMGiKHSCbUJRwby8Kk,0.09721954
1Du6gNCmBtWiPCnFhXqSMiJDHgZjiCFraD,0.01143099
1NSSHgXdYdQRUhxKZzz4MqcpD8xgV4XJby,0.02025229
1KFjg5CWK7vktuqjXCG3HT253YZUwcC4DQ,0.14218454
1CoJJFQJqzupE2Jz8fqv5H6HT82D3sA4wZ,0.02216146
1MDuDG47DpbWcDmMHr7p9GGQqicybVTVnY,0.0927
1CmmaHwdc1nJMUX3YtswYZtK6pXr1wZ1Vg,0.106
1KrzSqCfvJwvfn6An4QdRG8RQyuR8Vp782,0.0500811
1FrtFXkKhnpgrk3TAeQQU44ZL1rVec1nG5,0.00795626
1Ss5isA2mbKQR1TFd3NPG9S4nJR3fknFE,0.05786367
1ErqzoCs3y17bz7HxcMj4TG1pNrjjQUm93,0.04
18wzJ97TabU5fQ9UUVTimZkybmjWiLMxGE,2.000162
1HxE2QLgPiK1fg6nmuWo8V8Bjztw3C46qm,0.0001
1MuanTuJnq92N8XLgZ2b7tFo6CtCT6fvgP,1.1003
12t9YDPgwueZ9NyMgw519p7AA8isjr6SMw,0.17343234
12t9YDPgwueZ9NyMgw519p7AA8isjr6SMw,0.012111
1BkKHnCA1Wsv8mVbmCzTZawLdjkik5Lch2,0.035275
12t9YDPgwueZ9NyMgw519p7AA8isjr6SMw,0.17345057
12t9YDPgwueZ9NyMgw519p7AA8isjr6SMw,0.1822893
1HXhRrg1NDTfJrzEC8qqg4gHy3bK6KyFrB,1.23922656
1FdhRwig5JoN5vZ5HriXPHrzLt4Zkfrirr,0.003214
12t9YDPgwueZ9NyMgw519p7AA8isjr6SMw,0.300404
12t9YDPgwueZ9NyMgw519p7AA8isjr6SMw,0.156218
12gkgsJpFbsxiuuuTgAA2EGkDEn7TEbFT7,0.385501
3Fe1tiWCPZJu3gTV5PdL9kaBpwJPwF1aoU,0.0009
3PKb35S63yhmyCNAntfvQcoAoSALWiTTSS,0.003657
14UE5BSnD1MZbaoWmZvgR73EUdSsWkrpez,0.00342493
1CJBPDiMihakixzWmN7m78UuE6Gjx1aV1i,0.00067709
3NNNrVvX6orCyP5Z3jccMCPrVCiVANmbnb,1.35531201
1KrZPim7Uk9KSAAFQkfCSxNjnaKniDmomT,0.0007571
19MK1m6wqsVpf8fwwK5o58zjj6jG7jnkrz,0.00277698
1HNsqqbksy7oXtWFfAC8rCfuV7c82zCsxw,0.26905837
12t9YDPgwueZ9NyMgw519p7AA8isjr6SMw,0.17124673
1GDi2GiF87nih2ZBsjVBYyooH8iqLhJDLm,0.00068442
16u3jckczYUAHMipewjD96WMos18aSPiR9,0.001203
16FgB29fyrRgpcwWEFLepp4jAkY9gwqmFc,0.00081357
13LxxrkprVtMt12bSGmQhodUftP2qnsQPc,0.00023712
3JwbpGya1xmw3yjU2KzLeLSWAf3ie8RG9H,0.00133855
12t9YDPgwueZ9NyMgw519p7AA8isjr6SMw,0.16321544
1DNpSvv8kmtKRitgBaJrxWWazCWvTd3NrM,4.88899673
